0,0,2,2
0.0548368101228556,0.000830614499919166,2,2
0.255523490191151,0.0009458396134805,2,2
0.456210175247961,0.00105279304464829,2,2
0.656896872570072,0.00113411999056126,2,2
0.857583577682792,0.00119122118616058,2,2
1.0582702878018,0.00122998538891675,2,2
1.25895700147702,0.00123448785834218,2,2
1.45964371377879,0.00121021117536191,2,2
1.66033041894772,0.0011516271841158,2,2
1.86101711151253,0.00105895579610974,2,2
2.06170378348705,0.000929742799321792,2,2
2.26239044259534,0.000781987881087659,2,2
2.46307706977191,0.000595210837150794,2,2
2.66376369426345,0.000407381528313672,2,2
2.86445029578133,0.000195572587368979,2,2
3.06513688680601,-2.545805405402E-05,2.05,2.05
3.26582348280112,-0.000241451237706358,2.05,2.05
3.46651005340785,-0.000481634280591363,2.05,2.05
3.66719665150381,-0.000695672416725528,2.05,2.05
3.86788324069745,-0.000918987372888952,2.05,2.05
4.0685698543312,-0.00111866182860772,2.05,2.05
4.26925648402755,-0.00130073382505398,2.05,2.05
4.46994312207941,-0.00147518186541562,2.05,2.05
4.67062978893201,-0.00161176698357418,2.05,2.05
4.87131646842493,-0.0017291011908289,2.05,2.05
5.07200316833419,-0.00180415800800958,2.05,2.05
5.27268987793327,-0.00184428545587828,2.05,2.05
5.47337659151049,-0.00184088865552898,2.05,2.05
5.67406329930859,-0.00179347907018273,2.05,2.05
5.87474998269243,-0.00168411636845772,2.05,2.05
6.0754366374156,-0.00153371996746607,2.05,2.05
6.2761232272571,-0.00131114495861421,2.05,2.05
6.47680973493552,-0.00102742967521992,2.05,2.05
6.67749615235152,-0.000686001924578561,2.05,2.05
6.87818233178702,-0.000223614528294256,2.05,2.05
7.07886840060084,0.000278891627923724,2,2
7.27955420898645,0.000879475195185996,2,2
7.48023950691069,0.00163154241564662,2,2
7.6809245962358,0.00243418160058978,2,2
7.88160889445501,0.00341914040930456,2,2
8.08229341550574,0.00435245816937825,2,2
8.28297814172231,0.00524148648718646,2,2
8.48366357341516,0.00595659363235642,2,2
8.68434976538911,0.00640511947651651,2,2
8.88503637259701,0.00640998878866404,2,2
9.08571316910804,0.00503280322596212,2,2
9.28621795926503,-0.00204060066732018,2.05,2.05
9.48622706304221,-0.0166656364266764,2.05,2.05
9.68357833523864,-0.0515627293778423,2.0656603957914,2.0656603957914
9.86970352306789,-0.124465559898363,2.11242283656583,2.11242283656583
10.0210409265746,-0.254287244412349,2.08994949366117,2.08994949366117
10.1133341517366,-0.431739712273884,2.04868329805051,2.04868329805051
10.179912245062,-0.620601683971765,2.01923881554251,2.01923881554251
10.2357550730178,-0.813276397471137,2.01241437954473,2.01241437954473
10.2911027740029,-1.00617111785679,2.01241437954473,2.01241437954473
10.3468263007795,-1.19896477276925,2.01787798753429,2.01787798753429
10.406661769084,-1.39050946402268,2.03407708461347,2.03407708461347
10.4745690821798,-1.57935079162934,2.01787798753429,2.01787798753429
10.546479238284,-1.76670923138303,1.98600225733347,1.98600225733347
10.621334951272,-1.95291189581645,2.001387818866,2.001387818866
10.6984846706665,-2.13817598090712,1.99442719099992,1.99442719099992
10.7773376052752,-2.32272189834634,2.01787798753429,2.01787798753429
10.8573244039522,-2.50677949556024,2.03407708461347,2.03407708461347
10.9379647014683,-2.69055186569651,2.01787798753429,2.01787798753429
11.0185893742858,-2.87433101730655,2.01923881554251,2.01923881554251
11.0989277116011,-3.0582355494212,1.99442719099992,1.99442719099992
11.1785609604026,-3.24244639823146,2.01923881554251,2.01923881554251
11.2570282725161,-3.42715699841325,2.01923881554251,2.01923881554251
11.3344162924369,-3.61232197162907,2.01787798753429,2.01787798753429
11.4102524716512,-3.7981277175168,2.01787798753429,2.01787798753429
11.4841401236296,-3.984716796198,2.01923881554251,2.01923881554251
11.5560474025635,-4.17207750297528,2.01923881554251,2.01923881554251
11.625530355513,-4.36035040908489,2.01923881554251,2.01923881554251
11.6924102029371,-4.54956364029348,2.01787798753429,2.01787798753429
11.7567937241507,-4.73964136757622,2.03407708461347,2.03407708461347
11.8186783886335,-4.9305462444796,2.001387818866,2.001387818866
11.8779996830645,-5.12226378668233,1.98600225733347,1.98600225733347
11.9348820779881,-5.31471911401774,1.98600225733347,1.98600225733347
11.9893801122188,-5.50786323094949,1.98600225733347,1.98600225733347
12.0415526800331,-5.7016485240198,1.98600225733347,1.98600225733347
12.091547033205,-5.89600738070964,2.00553851381374,2.00553851381374
12.1395954702452,-6.09085661909892,2.01241437954473,2.01241437954473
12.1859309366584,-6.28612046909016,2.01241437954473,2.01241437954473
12.2307239366845,-6.48174414835694,2.02195444572929,2.02195444572929
12.2743046825698,-6.67764149283817,2.02195444572929,2.02195444572929
12.3168614052696,-6.87376392289705,2.03407708461347,2.03407708461347
12.3585314908257,-7.07007682244963,2.02195444572929,2.02195444572929
12.3997349424146,-7.2664881602017,2.001387818866,2.001387818866
12.4405122777033,-7.46298843301988,2.001387818866,2.001387818866
12.4812340251221,-7.6595002370762,2.00553851381374,2.00553851381374
12.5221379236742,-7.85597418678738,2.01241437954473,2.01241437954473
12.5633988465874,-8.0523734181542,2.01241437954473,2.01241437954473
12.6053312836805,-8.24863034353369,2.02195444572929,2.02195444572929
12.6481487055087,-8.44469588854795,1.98600225733347,1.98600225733347
12.6918406097491,-8.64056834316387,1.98600225733347,1.98600225733347
12.7362593648355,-8.83627754363882,2.001387818866,2.001387818866
12.7814959239955,-9.0317993014593,2.001387818866,2.001387818866
12.8272793277956,-9.22719366971686,2.00553851381374,2.00553851381374
12.8732887875286,-9.42253510599463,2.01241437954473,2.01241437954473
12.9196098563838,-9.61780285272254,2.01241437954473,2.01241437954473
12.9658702049818,-9.81308505074575,2.02195444572929,2.02195444572929
13.0120613785796,-10.0083835766184,2.02195444572929,2.02195444572929
13.0579050072622,-10.2037639980261,2.03407708461347,2.03407708461347
13.1032669933999,-10.3992567724736,2.01241437954473,2.01241437954473
13.1480276407392,-10.5948880656793,2.00553851381374,2.00553851381374
13.1920320040268,-10.7906908523049,2.01241437954473,2.01241437954473
13.2349059157131,-10.9867442720436,2.01241437954473,2.01241437954473
13.2769696131849,-11.18297305779,2.01241437954473,2.01241437954473
13.3179739093117,-11.3794255677133,2.02195444572929,2.02195444572929
13.3585541781393,-11.5759665584846,2.02195444572929,2.02195444572929
13.3985133507044,-11.7726347595251,1.98600225733347,1.98600225733347
13.4384391093156,-11.9693098428689,1.98600225733347,1.98600225733347
13.4790259271437,-12.1658493397026,2.001387818866,2.001387818866
13.5210700172466,-12.362081899879,2.001387818866,2.001387818866
13.5653996042307,-12.5578100188526,2.00553851381374,2.00553851381374
13.6127348017196,-12.7528319772397,2.01241437954473,2.01241437954473
13.6638355458729,-12.9468999668314,2.02195444572929,2.02195444572929
13.7195008721675,-13.1397070833848,2.02195444572929,2.02195444572929
13.7804832125151,-13.3308968536461,2.03407708461347,2.03407708461347
13.8473162343635,-13.5201198725523,2.03407708461347,2.03407708461347
13.9199133132053,-13.7072087139716,2.0394147114028,2.0394147114028
13.9976311004198,-13.892230438534,2.01787798753429,2.01787798753429
14.0797642859771,-14.0753363098941,2.01787798753429,2.01787798753429
14.1656843308775,-14.2566972634006,2.01787798753429,2.01787798753429
14.2547289695949,-14.4365457163778,2.0394147114028,2.0394147114028
14.3462732441508,-14.6151355709809,1.99442719099992,1.99442719099992
14.4396710957665,-14.7927637517834,2.01787798753429,2.01787798753429
14.5342510012941,-14.9697659238603,2.01787798753429,2.01787798753429
14.6293733710142,-15.1464771965877,2.01787798753429,2.01787798753429
14.7244472480567,-15.3232146088929,2.01787798753429,2.01787798753429
14.8192071876159,-15.5001203154938,2.01787798753429,2.01787798753429
14.9131399212224,-15.6774666120048,2.01787798753429,2.01787798753429
15.0059334989003,-15.8554113529698,2.03005376188691,2.03005376188691
15.097194394029,-16.0341466540444,2.01787798753429,2.01787798753429
15.1866244231694,-16.2138043544367,2.01787798753429,2.01787798753429
15.2746435463827,-16.3941589001637,2.0394147114028,2.0394147114028
15.3617947403385,-16.5749343198963,2.0394147114028,2.0394147114028
15.4488387353422,-16.7557614572645,1.99442719099992,1.99442719099992
15.5369866991818,-16.936051815314,2.01787798753429,2.01787798753429
15.6272627900647,-17.1152837878094,2.01787798753429,2.01787798753429
15.720857125044,-17.2928058225793,2.0394147114028,2.0394147114028
15.8164757033845,-17.4692454236963,2.01787798753429,2.01787798753429
15.9107268330173,-17.6464184437672,2.01787798753429,2.01787798753429
16.0042863354793,-17.8239611145148,2.01787798753429,2.01787798753429
16.0970711371806,-18.001874424694,1.99442719099992,1.99442719099992
16.1882813363834,-18.1805013452702,2.01787798753429,2.01787798753429
16.2775045743281,-18.3598368628909,2.03407708461347,2.03407708461347
16.363368578254,-18.540557940642,2.0394147114028,2.0394147114028
16.4429268413606,-18.724692774793,2.08488578017961,2.08488578017961
16.4908949401924,-18.9188065445687,2.1295630140987,2.1295630140987
16.5095911127199,-19.1180126263482,2.17354552767919,2.17354552767919
16.4615343687723,-19.3116310405671,2.30933866224478,2.30933866224478
16.3511261347477,-19.4782921970736,2.38062484748657,2.38062484748657
16.1987380035893,-19.6078072909406,2.24017542509914,2.24017542509914
16.0120186638701,-19.6787964783377,2.15948100502085,2.15948100502085
15.8123955309679,-19.6947745989507,2.11118742080783,2.11118742080783
15.612758330764,-19.6756547158196,2.07082439194738,2.07082439194738
15.4148006002523,-19.6448079929775,2.05131487952202,2.05131487952202
15.2188695952342,-19.6020821383943,2.03407708461347,2.03407708461347
15.0230243706461,-19.5586663817704,2.02195444572929,2.02195444572929
14.8281304903268,-19.5108129995001,2.02195444572929,2.02195444572929
14.6326405124351,-19.4654547030605,2.01241437954473,2.01241437954473
14.4363049044469,-19.4239058748239,2.01241437954473,2.01241437954473
14.2395085848013,-19.3845924808963,2.00553851381374,2.00553851381374
14.0424203408725,-19.3467595801945,2.001387818866,2.001387818866
13.8453666577868,-19.3087471504809,2.02195444572929,2.02195444572929
13.6486545828709,-19.269010746384,2.02195444572929,2.02195444572929
13.4526074593531,-19.2261353620869,2.02195444572929,2.02195444572929
13.25764571234,-19.178577334557,2.01241437954473,2.01241437954473
13.064279549195,-19.1248983682085,2.01241437954473,2.01241437954473
12.8726648313756,-19.0652915443056,2.01241437954473,2.01241437954473
12.6833271315047,-18.9987838166609,1.97321245982865,1.97321245982865
12.4959923279536,-18.9268209987705,2.01787798753429,2.01787798753429
12.3103952681328,-18.8504827019433,2.0394147114028,2.0394147114028
12.1261877508465,-18.7708458116798,2.01923881554251,2.01923881554251
11.942856999506,-18.6892068795061,2.01787798753429,2.01787798753429
11.7602207045667,-18.6060270780765,2.0394147114028,2.0394147114028
11.5779723517469,-18.5219993044483,2.03407708461347,2.03407708461347
11.3957055481321,-18.4380126489077,2.01787798753429,2.01787798753429
11.2135144192302,-18.3538607141926,2.03407708461347,2.03407708461347
11.0312092447952,-18.2699563654789,2.0394147114028,2.0394147114028
10.8489149765373,-18.1860280918958,2.01923881554251,2.01923881554251
10.6665689207401,-18.1022123872635,2.01923881554251,2.01923881554251
10.4841877257709,-18.0184731734237,2.0394147114028,2.0394147114028
10.3018021299529,-17.9347436068063,2.001387818866,2.001387818866
10.1193835002254,-17.8510860697766,2.01923881554251,2.01923881554251
9.9369239011803,-17.7675179256177,2.0394147114028,2.0394147114028
9.7544850106042,-17.6839047257081,2.001387818866,2.001387818866
9.57195237240766,-17.6004961104233,2.01923881554251,2.01923881554251
9.3894643021028,-17.5169903214647,2.0394147114028,2.0394147114028
9.20691701413906,-17.4336138842405,2.001387818866,2.001387818866
9.02436576966775,-17.3502462045954,2.01923881554251,2.01923881554251
8.84179678705013,-17.2669172841998,2.0394147114028,2.0394147114028
8.65917355536747,-17.1837072347218,2.001387818866,2.001387818866
8.47653132517451,-17.1005389065385,2.01923881554251,2.01923881554251
8.29382326177308,-17.0175153260359,2.03407708461347,2.03407708461347
8.11099346526058,-16.934760508434,1.99442719099992,1.99442719099992
7.92797499842015,-16.8524234307856,2.03407708461347,2.03407708461347
7.74460347970055,-16.7708758458011,2.03407708461347,2.03407708461347
7.5608481106241,-16.6901976219918,1.99442719099992,1.99442719099992
7.37662301062705,-16.6105986937087,2.03407708461347,2.03407708461347
7.19185988691074,-16.5322568539142,2.03407708461347,2.03407708461347
7.00649094754705,-16.4553588910683,2.01923881554251,2.01923881554251
6.82041144755929,-16.3801968283456,2.01923881554251,2.01923881554251
6.63366299397383,-16.3067126703854,2.01923881554251,2.01923881554251
6.44631810303677,-16.2347621769601,2.01923881554251,2.01923881554251
6.25846702978442,-16.1641434008781,2.01923881554251,2.01923881554251
6.07018470006143,-16.0946820743487,1.99442719099992,1.99442719099992
5.88154446675394,-16.0261990246261,2.01923881554251,2.01923881554251
5.69266647172158,-15.9583743715465,2.03407708461347,2.03407708461347
5.50359827762228,-15.8910812180257,1.98600225733347,1.98600225733347
5.31440743184464,-15.8241336243541,2.01787798753429,2.01787798753429
5.1251596378435,-15.7573471931625,2.03407708461347,2.03407708461347
4.93585941244079,-15.6907095298216,2.001387818866,2.001387818866
4.7465395305244,-15.6241277049881,2.01923881554251,2.01923881554251
4.55718607812755,-15.5576414395303,2.03407708461347,2.03407708461347
4.36783242312136,-15.4911557357047,2.001387818866,2.001387818866
4.17849399705617,-15.4246266683612,2.01923881554251,2.01923881554251
3.9891646531589,-15.3580717537858,2.01923881554251,2.01923881554251
3.79981843121019,-15.2915648787362,2.01923881554251,2.01923881554251
3.61043379059407,-15.2251675125278,2.01923881554251,2.01923881554251
3.42096961302013,-15.1589974255815,2.03407708461347,2.03407708461347
3.23139822793728,-15.0931352219214,2.001387818866,2.001387818866
3.04169541644366,-15.0276525291698,2.01923881554251,2.01923881554251
2.85182284315432,-14.9626637526398,2.01923881554251,2.01923881554251
2.66176124211394,-14.8982299564841,1.98600225733347,1.98600225733347
2.47147521568333,-14.8344620190651,2.001387818866,2.001387818866
2.28093899285792,-14.7714458997044,2.01923881554251,2.01923881554251
2.09013252899156,-14.7092532450036,2.03407708461347,2.03407708461347
1.89907962500626,-14.6478221906598,2.001387818866,2.001387818866
1.70773770008559,-14.5872968390573,2.001387818866,2.001387818866
1.51612845524301,-14.5276223371169,2.01923881554251,2.01923881554251
1.32467359987614,-14.4674559646533,2.03407708461347,2.03407708461347
1.13410151963456,-14.4045616555453,2.01923881554251,2.01923881554251
0.94478317688274,-14.3380898306986,2.01923881554251,2.01923881554251
0.756562937440672,-14.2688414243716,2.01923881554251,2.01923881554251
0.574322338967741,-14.185383082031,2.03005376188691,2.03005376188691
0.40351504527049,-14.0806822793733,2.05524865872714,2.05524865872714
0.255791777330783,-13.9456135807382,2.07082439194738,2.07082439194738
0.138406485541258,-13.7835400301009,2.13077640640442,2.13077640640442
0.0712151038340655,-13.5950885278683,2.11980390271856,2.11980390271856
0.0533266858951817,-13.3957672805648,2.1,2.1
0.0837066580649091,-13.1978133652967,2.08488578017961,2.08488578017961
0.15130885627355,-13.0090365939499,2.0656603957914,2.0656603957914
0.256095295843116,-12.8382289304158,2.01923881554251,2.01923881554251
0.385507642354605,-12.6851038523325,1.98459030064771,1.98459030064771
0.5333296697729,-12.5495354724774,1.95146931829632,1.95146931829632
0.691801708414736,-12.4265253902704,1.9746427842268,1.9746427842268
0.857885029012508,-12.3139219512004,2.001387818866,2.001387818866
1.02863837301723,-12.2084926466251,2.001387818866,2.001387818866
1.20146300137268,-12.1064817406409,2.03005376188691,2.03005376188691
1.37611368264126,-12.0076359182804,2.01787798753429,2.01787798753429
1.55360544457033,-11.9139980362689,2.01787798753429,2.01787798753429
1.73458615298848,-11.8273097671185,1.99442719099992,1.99442719099992
1.91911183500958,-11.7484519931595,1.97321245982865,1.97321245982865
2.10711846398053,-11.6782967767272,2.001387818866,2.001387818866
2.29816333079092,-11.6169027864984,2.001387818866,2.001387818866
2.49199175368321,-11.56495897677,2.001387818866,2.001387818866
2.68814929058029,-11.5226565284035,2.001387818866,2.001387818866
2.88618260686855,-11.4902494735429,1.98600225733347,1.98600225733347
3.08557277963152,-11.4676369874382,2.001387818866,2.001387818866
3.28584581083106,-11.4550607568858,2.03407708461347,2.03407708461347
3.4864934823985,-11.4524781057135,2.05,2.05
3.68701838926152,-11.4599519860315,2.03407708461347,2.03407708461347
3.88691244724196,-11.4775553577235,2.001387818866,2.001387818866
4.08577302093793,-11.5044456166266,2.04868329805051,2.04868329805051
4.28330514552788,-11.5398096781511,2.00553851381374,2.00553851381374
4.47935582547116,-11.5826443850194,2.01241437954473,2.01241437954473
4.67382395222521,-11.6321858917771,2.01241437954473,2.01241437954473
4.86673700098403,-11.6874797355038,2.001387818866,2.001387818866
5.05817605031827,-11.7476827391653,1.98600225733347,1.98600225733347
5.2482324251285,-11.8121230895218,2.03407708461347,2.03407708461347
5.43685373650517,-11.8806510202793,2.01787798753429,2.01787798753429
5.62415658287388,-11.9527051206665,2.03407708461347,2.03407708461347
5.81022243302928,-12.0278973349587,2.001387818866,2.001387818866
5.99513659662972,-12.1058796090877,2.01923881554251,2.01923881554251
6.17892594281109,-12.1864777154218,2.01787798753429,2.01787798753429
6.36156780781743,-12.2696431816147,2.01787798753429,2.01787798753429
6.54308927465264,-12.355227228521,2.01787798753429,2.01787798753429
6.72363781211801,-12.442846061507,2.01787798753429,2.01787798753429
6.90339649335431,-12.5320748808396,2.01787798753429,2.01787798753429
7.08256171923526,-12.6224899515118,2.03005376188691,2.03005376188691
7.26125372870108,-12.7138371312778,2.01787798753429,2.01787798753429
7.43988701169046,-12.8052991191088,2.03005376188691,2.03005376188691
7.61882260166076,-12.8961659019343,1.99442719099992,1.99442719099992
7.79874960120597,-12.985052345886,2.01787798753429,2.01787798753429
7.98040088772416,-13.0703471321641,2.03407708461347,2.03407708461347
8.1650024750602,-13.1490336777986,2.001387818866,2.001387818866
8.35348042635684,-13.2178848182195,2.04868329805051,2.04868329805051
8.54611622349045,-13.2740273709654,2.04868329805051,2.04868329805051
8.74238653397221,-13.3156859731346,2.05524865872714,2.05524865872714
8.9413938578978,-13.3412063262264,2.01241437954473,2.01241437954473
9.14187421253347,-13.3489526552069,2,2
9.3421014525389,-13.3364969690455,2,2
9.53966319149636,-13.3016355412571,2.00553851381374,2.00553851381374
9.7323032631749,-13.2455693205066,1.95440037453175,1.95440037453175
9.91811521714321,-13.1699472536316,1.97321245982865,1.97321245982865
10.0948697243274,-13.075052540956,1.95,1.95
10.2601239412497,-12.9613682734397,1.98459030064771,1.98459030064771
10.4112679388679,-12.8294709727125,1.98459030064771,1.98459030064771
10.5466844067088,-12.6814769595095,1.95146931829632,1.95146931829632
10.6668826536013,-12.5208297886493,1.99442719099992,1.99442719099992
10.7693396440923,-12.3483335551196,1.99442719099992,1.99442719099992
10.8492771184593,-12.1642057418953,1.98600225733347,1.98600225733347
10.8998426024905,-11.9697585126449,1.97321245982865,1.97321245982865
10.924970317289,-11.7706952201151,2,2
10.9318040944239,-11.5701790981548,2,2
10.9212761654963,-11.3697957082201,2.00553851381374,2.00553851381374
10.8959465860029,-11.1707471993889,2.001387818866,2.001387818866
10.8576228399134,-10.9737768264488,2.01923881554251,2.01923881554251
10.8101432041256,-10.7788006124889,2.01241437954473,2.01241437954473
10.7566043634045,-10.5853911711317,2.01241437954473,2.01241437954473
10.7006879064127,-10.3926519483371,2.01241437954473,2.01241437954473
10.644498160713,-10.1999921481492,2.001387818866,2.001387818866
10.5890716183096,-10.0071115250483,1.98600225733347,1.98600225733347
10.535281161117,-9.81376872958298,1.98600225733347,1.98600225733347
10.4835018222877,-9.6198778060381,2.001387818866,2.001387818866
10.4338401663938,-9.42543400329633,2.001387818866,2.001387818866
10.3865995408537,-9.23038793963311,2.001387818866,2.001387818866
10.3418939833273,-9.03474527835501,2.001387818866,2.001387818866
10.2986836493503,-8.83876614384293,2.001387818866,2.001387818866
10.2557930895589,-8.64271648564231,2.01923881554251,2.01923881554251
10.2111525328687,-8.44705854990448,2.01241437954473,2.01241437954473
10.1624395467258,-8.25237567133675,2.02195444572929,2.02195444572929
10.1074009525916,-8.05939466353727,2.02195444572929,2.02195444572929
10.0424068482181,-7.86953334173235,1.98600225733347,1.98600225733347
9.96382281608605,-7.6849094038934,2.01787798753429,2.01787798753429
9.86602482206528,-7.50974075470169,2.01787798753429,2.01787798753429
9.74773575132434,-7.3477051128889,2.0192,2.01787798753429
9.61130078353619,-7.20063555177952,2.01923881554251,2.01923881554251
9.45858507152988,-7.07058671877739,2.01923881554251,2.01923881554251
9.29085170944392,-6.96056219224341,2.01923881554251,2.01923881554251
9.11056025339849,-6.87262784471268,2.01787798753429,2.01787798753429
8.92054141497372,-6.80829655420788,2.01787798753429,2.01787798753429
8.72421316212713,-6.76707085607035,2.01923881554251,2.01923881554251
8.52446015501905,-6.74846522956588,2.01241437954473,2.01241437954473
8.32386818077413,-6.75132384311104,2,2
8.12464299809681,-6.77490258028966,2.00553851381374,2.00553851381374
7.92877576654702,-6.81832778805855,2.01241437954473,2.01241437954473
7.7379852473929,-6.88035800516161,2.02195444572929,2.02195444572929
7.55334250786052,-6.95885556431299,2.001387818866,2.001387818866
7.37610247676727,-7.05289026584723,2.001387818866,2.001387818866
7.20664870609201,-7.16035311506078,1.99022469073824,1.99022469073824
7.04251838779585,-7.27582105660664,1.99022469073824,1.99022469073824
6.88095174866584,-7.39486265837874,1.96023252670426,1.96023252670426
6.71921873442123,-7.5136793588973,1.97321245982865,1.97321245982865
6.55594900158973,-7.63037156954588,2.01787798753429,2.01787798753429
6.3900534869635,-7.74329448056658,2.01787798753429,2.01787798753429
6.22060996903447,-7.85080771022056,2.001387818866,2.001387818866
6.04673748700955,-7.95097505613014,2.01787798753429,2.01787798753429
5.86817357006589,-8.04249795394852,2.01787798753429,2.01787798753429
5.68441690185953,-8.12310566419126,1.99442719099992,1.99442719099992
5.49585585004717,-8.19171477193539,1.99442719099992,1.99442719099992
5.30342000832598,-8.24855828389605,1.97321245982865,1.97321245982865
5.10795238240903,-8.2939165862841,1.97321245982865,1.97321245982865
4.91018881772013,-8.32790114172559,1.98600225733347,1.98600225733347
4.71082585015782,-8.35071541262377,2.001387818866,2.001387818866
4.51049000454967,-8.36219612012906,2.05,2.05
4.30982789013003,-8.36194234407036,2.05,2.05
4.10952619892233,-8.35001829545347,2.05,2.05
3.91003729746358,-8.32834793863406,2.05,2.05
3.71169227318312,-8.29787078056902,2,2
3.51456330766567,-8.26029053260981,1.97321245982865,1.97321245982865
3.31854631800018,-8.21726809135484,2.02195444572929,2.02195444572929
3.12346323980227,-8.17018474856029,2.02195444572929,2.02195444572929
2.9290154796529,-8.12053705659632,2.02195444572929,2.02195444572929
2.73500704173135,-8.06919950704376,2.02195444572929,2.02195444572929
2.54101512490904,-8.0177966246116,2.02195444572929,2.02195444572929
2.34689217787222,-7.96689052965861,2.02195444572929,2.02195444572929
2.15265879545408,-7.91640753481993,2.02195444572929,2.02195444572929
1.95831893545348,-7.866335894225,2.01241437954473,2.01241437954473
1.76387621806485,-7.81666538032732,2.01923881554251,2.01923881554251
1.56935684879298,-7.76729590926569,2.02195444572929,2.02195444572929
1.37475746149082,-7.71824253726265,2.02195444572929,2.02195444572929
1.180117339989,-7.66935108634575,2.02195444572929,2.02195444572929
0.985453814645707,-7.62055285419798,2.02195444572929,2.02195444572929
0.79076413670413,-7.57185905800678,2.02195444572929,2.02195444572929
0.596048116798934,-7.52327070463603,2.02195444572929,2.02195444572929
0.401326008596935,-7.47470679859329,2.02195444572929,2.02195444572929
0.206592044842782,-7.42619045401327,2.01241437954473,2.01241437954473
0.0118413389549778,-7.37774132862587,2.01241437954473,2.01241437954473
-0.182898271202387,-7.32924768274359,2.01241437954473,2.01241437954473
-0.377651822836691,-7.28080997421289,2.01241437954473,2.01241437954473
-0.572384766686844,-7.23228953645232,2.01241437954473,2.01241437954473
-0.767112476978955,-7.18374807503535,2.01241437954473,2.01241437954473
-0.961824627454252,-7.13514421686228,2.01241437954473,2.01241437954473
-1.1565176393145,-7.08646374928177,2.01241437954473,2.01241437954473
-1.35117982383445,-7.03766017249397,2.01241437954473,2.01241437954473
-1.54581988974707,-6.98876854559601,2.01241437954473,2.01241437954473
-1.74042835306417,-6.93975125133558,2.001387818866,2.001387818866
-1.93498088505814,-6.89051236874533,2.001387818866,2.001387818866
-2.12952677986228,-6.8412474621173,2.001387818866,2.001387818866
-2.32401604610534,-6.79175926011405,2.001387818866,2.001387818866
-2.51850705761328,-6.7422781767956,2.001387818866,2.001387818866
-2.71295108187791,-6.69261252089312,2.001387818866,2.001387818866
-2.90740653982357,-6.6429917874414,2.001387818866,2.001387818866
-3.1018656080811,-6.59338517474206,2.001387818866,2.001387818866
-3.29634423397853,-6.54385519467867,2.001387818866,2.001387818866
-3.49088048319685,-6.49455213552223,1.98600225733347,1.98600225733347
-3.68546789918838,-6.4454513473113,1.98600225733347,1.98600225733347
-3.8801490179402,-6.39672339162285,1.98600225733347,1.98600225733347
-4.07491909265969,-6.34835232245293,1.98600225733347,1.98600225733347
-4.2697642530049,-6.30028453600138,1.98600225733347,1.98600225733347
-4.4646651546854,-6.25244323323883,2.02195444572929,2.02195444572929
-4.65960520877809,-6.2047616233625,2.02195444572929,2.02195444572929
-4.85447213236263,-6.15678228077401,2.02195444572929,2.02195444572929
-5.04926613574826,-6.10850776632675,2.02195444572929,2.02195444572929
-5.24383253380343,-6.05932619399919,2.02195444572929,2.02195444572929
-5.43831598894442,-6.0098151835658,2.02195444572929,2.02195444572929
-5.6332022797589,-5.96192843560403,2.02195444572929,2.02195444572929
-5.82931586578092,-5.91935915424885,2.02195444572929,2.02195444572929
-6.02464033069081,-5.87340227931344,2.02195444572929,2.02195444572929
-6.21691180920004,-5.81601030122177,2.02195444572929,2.02195444572929
-6.40309891973257,-5.74141522118373,2.02195444572929,2.02195444572929
-6.57652973753704,-5.640920445959,1.99442719099992,1.99442719099992
-6.73218297962674,-5.51476532109527,1.99022469073824,1.99022469073824
-6.86399400538835,-5.36392939730716,2.01923881554251,2.01923881554251
-6.96372934737826,-5.19011337236382,2.01923881554251,2.01923881554251
-7.03447921695382,-5.00249731010714,2.01923881554251,2.01923881554251
-7.08378523959994,-4.80807070468263,2.02195444572929,2.02195444572929
-7.11729516693148,-4.61027777245414,2.05,2.05
-7.13934111501952,-4.41083360859363,2,2
-7.15151085267418,-4.21052897474709,2.001387818866,2.001387818866
-7.15733227884895,-4.00993393428088,1.98600225733347,1.98600225733347
-7.15801597376578,-3.80925163772745,2,2
-7.155239434502,-3.60858550351671,2,2
-7.15067566833263,-3.40795085619046,2,2
-7.14577752949691,-3.20732451312994,2,2
-7.14221500072512,-3.00667029016883,2.05,2.05
-7.14083729591684,-2.80598964205761,2.05,2.05
-7.14209508066384,-2.60530845849741,2.05,2.05
-7.14610344807612,-2.40466339273334,2.05,2.05
-7.1526667869097,-2.20408520965263,2.05,2.05
-7.16119308681899,-2.00357994474703,2,2
-7.16700627973639,-1.80298485200516,2,2
-7.16647195725883,-1.60232046746332,2,2
-7.15889127929832,-1.40189202892812,2,2
-7.13933214331562,-1.20234720582836,2,2
-7.08555422727355,-1.00939632557467,2.05,2.05
-6.98882523214056,-0.83406842856539,2.0656603957914,2.0656603957914
-6.85607075117419,-0.68408221409858,2.06046863561493,2.06046863561493
-6.69401828060434,-0.566242436890639,2.03005376188691,2.03005376188691
-6.51252288803158,-0.481184864483448,2.04339811320566,2.04339811320566
-6.3222450543218,-0.417891488453341,2.01241437954473,2.01241437954473
-6.1272327223097,-0.370741049767787,2.00553851381374,2.00553851381374
-5.93038050459016,-0.331762351986832,2.001387818866,2.001387818866
-5.73275257936669,-0.296857885301594,1.98600225733347,1.98600225733347
-5.53544428532406,-0.260191181388237,1.97321245982865,1.97321245982865
-5.3385180988892,-0.22152689180047,2.02195444572929,2.02195444572929
-5.14198706006477,-0.180900409459756,2.01241437954473,2.01241437954473
-4.94568399030205,-0.139184521374796,2.00553851381374,2.00553851381374
-4.74996353224502,-0.0952061567170849,2.001387818866,2.001387818866
-4.55575332443732,-0.0451106141537349,1.98600225733347,1.98600225733347
-4.36026965605781,-0.000383610059840446,1.9631338250816,1.9631338250816
-4.1595837662467,-0.000705803145972519,2.00553851381374,2.00553851381374
-3.95889668097383,-0.000872168952989374,2.04868329805051,2.04868329805051
-3.75821001281526,-0.00100656484026016,2.05,2.05
-3.55752332056219,-0.00106973945248934,2.05,2.05
-3.35683662035685,-0.00114397064827828,2.05,2.05
-3.15614991151169,-0.00114678392347701,2.05,2.05
-2.95546319974192,-0.00113874468138732,2.05,2.05
-2.7547764918453,-0.00109442380953481,2.05,2.05
-2.5540897927324,-0.0010215130696765,2.05,2.05
-2.35340309546711,-0.000939814329943096,2.05,2.05
-2.15271641242595,-0.000828853313100601,2.05,2.05
-1.95202973619173,-0.00070580565977038,2.05,2.05
-1.75134306996539,-0.000567317121310695,2.05,2.05
-1.55065641026959,-0.000419695347995939,2.05,2.05
-1.34996975971599,-0.000260154302418471,2.05,2.05
-1.14928310834259,-0.000102013748468328,2.05,2.05
-0.948596467782412,6.97996313803107E-05,2.05,2.05
-0.747909817300894,0.000228729354635163,2,2
-0.547223168974913,0.000390304449459786,2,2
-0.346536516857668,0.000547449449159145,2,2
-0.145849852572745,0.000687100681155648,2,2
0.0548368101228556,0.000830614499919166,2,2
0,0,2,2
