x,y
0.0181567015,5.81E-06
0.01815670044,5.81E-06
0.01815669951,5.81E-06
0.01815669869,5.81E-06
0.01815669793,5.81E-06
0.01815669724,5.81E-06
0.01815669659,5.81E-06
0.01815665525,6.46E-06
0.01815689848,6.21E-06
0.01815688612,6.21E-06
0.01815687669,6.21E-06
0.01815686947,6.22E-06
0.0181568639,6.22E-06
0.01815685959,6.22E-06
0.01815685621,6.22E-06
0.01815685354,6.22E-06
0.0181568514,6.22E-06
0.01815684966,6.22E-06
0.01815684823,6.22E-06
0.01815684702,6.22E-06
0.01815684598,6.22E-06
0.01815684507,6.22E-06
0.01815684425,6.22E-06
0.01815684351,6.22E-06
0.01815684282,6.23E-06
0.01815684217,6.23E-06
0.01815705773,6.64E-06
0.01815704234,6.63E-06
0.01815703041,6.63E-06
0.0181570213,6.63E-06
0.01815701432,6.63E-06
0.01815700894,6.63E-06
0.01815700476,6.64E-06
0.01815700149,6.64E-06
0.03125529828,6.77E-06
0.05170842517,6.89E-06
0.07216883702,7.00E-06
0.09262924963,7.09E-06
0.1130896624,7.16E-06
0.1335500753,7.23E-06
0.1540104883,7.28E-06
0.1744709014,7.32E-06
0.1949313145,7.36E-06
0.2153917277,7.39E-06
0.2358521409,7.42E-06
0.2563125541,7.44E-06
0.2767729674,7.46E-06
0.2972342268,7.90E-06
0.3176947151,7.99E-06
0.3381551196,8.06E-06
0.3586155263,8.12E-06
0.3790759346,8.18E-06
0.3995363442,8.22E-06
0.4199967547,8.26E-06
0.4404571659,8.29E-06
0.4609175776,8.31E-06
0.4813779897,8.33E-06
0.5018384021,8.35E-06
0.5222988147,8.37E-06
0.5427592275,8.38E-06
0.5632196404,8.39E-06
0.5836800535,8.40E-06
0.6041404665,8.41E-06
0.6246008797,8.41E-06
0.6450612929,8.42E-06
0.6655217061,8.42E-06
0.6859821193,8.43E-06
0.7064425325,8.43E-06
0.7269038718,8.89E-06
0.7473642766,8.96E-06
0.7678246821,9.02E-06
0.7882850895,9.07E-06
0.8087454984,9.11E-06
0.8292059083,9.15E-06
0.8496663191,9.18E-06
0.8701267306,9.20E-06
0.8905871424,9.22E-06
0.9110475547,9.24E-06
0.9315079672,9.26E-06
0.9519683799,9.27E-06
0.9724287927,9.28E-06
0.9928892057,9.29E-06
1.013349619,9.29E-06
1.033810032,9.30E-06
1.054270445,9.30E-06
1.074730858,9.31E-06
1.095191271,9.31E-06
1.115651685,9.32E-06
1.136112516,9.81E-06
1.156573434,9.80E-06
1.177033839,9.87E-06
1.197494245,9.93E-06
1.217954653,9.97E-06
1.238415062,1.00E-05
1.258875473,1.00E-05
1.279335884,1.01E-05
1.299796295,1.01E-05
1.320256707,1.01E-05
1.34071712,1.01E-05
1.361177532,1.01E-05
1.381637945,1.02E-05
1.402098358,1.02E-05
1.422558771,1.02E-05
1.443019184,1.02E-05
1.463479597,1.02E-05
1.48394001,1.02E-05
1.504400424,1.02E-05
1.524860837,1.02E-05
1.539135316,1.01E-05
1.542950175,-2.02E-06
1.543309187,-4.43E-06
1.543322828,-3.87E-06
1.543336138,-3.01E-06
1.543349231,-1.87E-06
1.543362096,-4.53E-07
1.543374724,1.23E-06
1.543387106,3.17E-06
1.555265462,0.002494238053
1.574990053,0.006127452426
1.595111801,0.009824786574
1.615234066,0.0135217872
1.635356411,0.01721837506
1.655478835,0.02091455074
1.675601337,0.02461031469
1.695723918,0.02830566725
1.715846575,0.03200060867
1.735969309,0.03569513914
1.75609212,0.03938925879
1.776215007,0.04308296773
1.79633797,0.04677626603
1.816461008,0.05046915374
1.836584123,0.05416163091
1.856707313,0.05785369755
1.87683601,0.06156067903
1.896973876,0.06524995606
1.917137818,0.06893002273
1.937262651,0.07261364052
1.957387465,0.07629682795
1.977512356,0.07997960373
1.997637323,0.08366196807
2.017762367,0.08734392115
2.037887488,0.09102546306
2.058012684,0.09470659389
2.078137955,0.09838731371
2.098263303,0.1020676226
2.118388726,0.1057475205
2.138512073,0.1094259432
2.158645116,0.1131242403
2.17879781,0.1168144212
2.19894216,0.1204806476
2.219069335,0.1241509051
2.239196578,0.1278207449
2.259323902,0.1314901709
2.279451305,0.1351591837
2.299745386,0.1387501125
2.320049672,0.1418661537
2.340370032,0.144523061
2.360718386,0.1467213726
2.381110998,0.1484579755
2.401537535,0.1497319876
2.421987508,0.1505427536
2.442583037,0.1510702722
2.463036481,0.1515954406
2.483489927,0.1521200987
2.49777371,0.1522392028
2.501540823,0.1522831651
2.501733261,0.1522864851
2.50174655,0.1522874255
2.501759577,0.1522886392
2.501772375,0.1522901256
2.501784936,0.1522918743
2.501797249,0.1522938749
2.513664215,0.1548534385
2.533361154,0.1585771616
2.553462869,0.162383083
2.573564857,0.1661886319
2.593666926,0.1699937724
2.613769075,0.173798505
2.633871303,0.1776028299
2.653973609,0.1814067474
2.674075994,0.1852102577
2.694178457,0.1890133608
2.714280998,0.1928160568
2.734383616,0.1966183459
2.754486311,0.2004202281
2.774589084,0.2042217034
2.794691934,0.2080227718
2.814800016,0.2118372102
2.834902879,0.2156353409
2.855006333,0.2194331968
2.875109864,0.2232306451
2.895201571,0.2269231485
2.915408872,0.2301506612
2.935836314,0.2330350054
2.956130602,0.2359245625
2.976388095,0.2387956376
2.99664506,0.2416661779
3.016902091,0.244536279
3.037159188,0.2474059413
3.057435379,0.2501399929
3.077775939,0.2524018209
3.098163059,0.2542021727
3.118585548,0.2555400449
3.139032918,0.2564147489
3.159494671,0.2568258334
3.1799603,0.2567730845
3.200430671,0.2562584773
3.220872549,0.2552790781
3.24154824,0.2539716551
3.262021244,0.252676775
3.282477116,0.2513726307
3.302941803,0.250054452
3.32338878,0.2487456523
3.343826812,0.2474321941
3.364279761,0.2461604293
3.384732016,0.2448954783
3.40518291,0.243610934
3.425628885,0.2423474916
3.439886141,0.2420004577
3.44356455,0.2418425689
3.443872617,0.2418321045
3.443870662,0.2418321377
3.443876956,0.241832197
3.456135923,0.2422182372
3.476368403,0.2427899099
3.496820503,0.2433631553
3.517272658,0.2439358951
3.537724832,0.2445081289
3.558177023,0.245079857
3.578629231,0.2456510797
3.599081454,0.246221797
3.619533694,0.2467920093
3.639985949,0.2473617165
3.660438218,0.2479309188
3.680890503,0.2484996161
3.701342802,0.2490678086
3.721795116,0.2496354962
3.742247444,0.250202679
3.762716548,0.2507766807
3.783170669,0.2513399229
3.8036231,0.2519026902
3.824075551,0.2524649509
3.84452802,0.2530267054
3.864980506,0.2535879539
3.885433008,0.2541486968
3.905885526,0.2547089341
3.926338059,0.2552686661
3.946790607,0.2558278927
3.96724317,0.2563866142
3.987695748,0.2569448305
4.00814834,0.2575025416
4.028600946,0.2580597476
4.049053566,0.2586164485
4.06952445,0.2591793145
4.089977384,0.2597321161
4.110430107,0.2602843985
4.130882848,0.260836174
4.151335607,0.2613874432
4.171788382,0.2619382062
4.192241174,0.2624884633
4.212693981,0.2630382147
4.233146802,0.2635874604
4.253599639,0.2641362005
4.27405249,0.2646844352
4.294505355,0.2652321644
4.314958234,0.2657793882
4.335411127,0.2663261066
4.355861562,0.2668714204
4.376335415,0.2674240988
4.396788435,0.2679663988
4.417241443,0.2685081901
4.43769447,0.2690494745
4.458147513,0.2695902521
4.478600573,0.2701305234
4.499053648,0.2706702886
4.519506739,0.2712095478
4.539959844,0.271748301
4.560412963,0.2722865485
4.580866097,0.2728242902
4.601319244,0.2733615261
4.621772406,0.2738982564
4.642225581,0.274434481
4.662681674,0.2749703694
4.683150468,0.2755108756
4.703603742,0.2760426774
4.72405703,0.2765739715
4.744510337,0.2771047583
4.76496366,0.2776350384
4.785416999,0.2781648118
4.805870353,0.2786940788
4.826323722,0.2792228396
4.846777105,0.2797510942
4.867230502,0.2802788427
4.887683913,0.2808060852
4.908137338,0.2813328217
4.928590777,0.2818590523
4.949044228,0.2823847769
4.963321599,0.282519922
4.967252345,0.282604085
4.981116469,0.2827861571
5.001569711,0.2829821428
5.022029009,0.2831776253
5.042488339,0.2833725855
5.062947694,0.2835670253
5.083407067,0.2837609461
5.103866457,0.2839543489
5.124325861,0.2841472347
5.144785275,0.2843396039
5.165244699,0.2845314571
5.185704132,0.2847227946
5.206163572,0.2849136166
5.226623019,0.2851039233
5.247082473,0.2852937149
5.267541933,0.2854829914
5.288001398,0.285671753
5.30846087,0.2858599996
5.328920346,0.2860477314
5.349379828,0.2862349482
5.369839315,0.2864216502
5.390303082,0.2866121325
5.410788671,0.2868046087
5.431268307,0.2869944209
5.451728135,0.2871717432
5.472187698,0.2873485487
5.49264727,0.2875248379
5.513106849,0.287700611
5.533566436,0.2878758684
5.554026029,0.2880506101
5.574485628,0.2882248364
5.594945232,0.2883985472
5.615404842,0.2885717427
5.635864456,0.2887444229
5.656324076,0.2889165878
5.676783701,0.2890882374
5.69724333,0.2892593718
5.717723682,0.2894378066
5.738210818,0.2896148795
5.758671881,0.2897779008
5.779131569,0.2899403774
5.799591264,0.2901023374
5.820050968,0.2902637811
5.840510678,0.2904247086
5.860970393,0.2905851201
5.881430115,0.2907450157
5.901889842,0.2909043956
5.922349573,0.2910632597
5.94280931,0.2912216082
5.963269051,0.291379441
5.983728796,0.2915367582
6.004188546,0.2916935598
6.024668565,0.2918580576
6.045133954,0.2920120943
6.065593727,0.2921643972
6.086053506,0.2923161834
6.106513292,0.2924674531
6.126973084,0.2926182064
6.147432882,0.2927684436
6.167892685,0.2929181646
6.188352493,0.2930673697
6.208812305,0.2932160588
6.229272122,0.293364232
6.249731943,0.2935118894
6.270191768,0.2936590308
6.290653103,0.2938044386
6.311145858,0.2939642198
6.331610685,0.2941026893
6.352070545,0.2942430672
6.372530413,0.2943829279
6.392990287,0.2945222718
6.413450168,0.2946610989
6.433910054,0.2947994094
6.454369945,0.2949372036
6.47482984,0.2950744814
6.49528974,0.2952112429
6.515749645,0.2953474882
6.536209553,0.2954832172
6.556669465,0.2956184301
6.577129381,0.2957531267
6.59760813,0.2958945375
6.618091881,0.2960303239
6.638552006,0.2961590731
6.659011948,0.2962873051
6.679471899,0.2964150194
6.699931856,0.2965422164
6.720391819,0.2966688962
6.740851788,0.2967950592
6.761311761,0.2969207054
6.781771739,0.2970458348
6.802231721,0.2971704477
6.822691707,0.297294544
6.843151697,0.2974181237
6.863611691,0.2975411869
6.884071688,0.2976637336
6.904538796,0.2977905001
6.925028437,0.2979141903
6.945528884,0.2980175619
6.966012388,0.2981061055
6.986472879,0.2982199247
7.006932915,0.2983332346
7.027392958,0.2984460265
7.047853008,0.2985583006
7.068313064,0.2986700572
7.088773125,0.2987812964
7.10923319,0.2988920185
7.12969326,0.2990022235
7.150153333,0.2991119115
7.17061341,0.2992210826
7.191073491,0.2993297367
7.211533574,0.2994378738
7.231993661,0.2995454941
7.252456661,0.2996526974
7.27294804,0.299769691
7.293440008,0.2998660464
7.313900303,0.2999633153
7.334360438,0.3000600619
7.354820578,0.3001562907
7.375280724,0.3002520017
7.395740873,0.3003471951
7.416201026,0.300441871
7.436661183,0.3005360295
7.457121343,0.3006296707
7.477581506,0.3007227945
7.498041672,0.300815401
7.518501841,0.3009074902
7.538963812,0.3009979863
7.55945545,0.3011028595
7.579920466,0.3011894661
7.600380646,0.3012753226
7.620840833,0.3013606603
7.641301026,0.3014454796
7.661761224,0.3015297807
7.682221426,0.3016135637
7.702681633,0.3016968288
7.723141842,0.3017795761
7.743602055,0.3018618058
7.764062271,0.3019435177
7.78452249,0.302024712
7.804982711,0.3021053887
7.825442935,0.3021855478
7.845904606,0.3022639181
7.866397276,0.3023570086
7.886894811,0.3024457109
7.907391605,0.3025087728
7.927864154,0.3025839117
7.948324414,0.3026539975
7.968784675,0.3027235648
7.989244939,0.3027926138
8.009705206,0.3028611446
8.030165477,0.3029291573
8.05062575,0.3029966519
8.071086025,0.3030636285
8.091546303,0.3031300872
8.112006583,0.3031960278
8.132466865,0.3032614505
8.152949111,0.3033356076
8.173428474,0.3034078777
8.193888771,0.3034695147
8.214349054,0.3035306322
8.234809342,0.3035912306
8.255269635,0.3036513101
8.275729932,0.303710871
8.296190232,0.3037699134
8.316650535,0.3038284373
8.33711084,0.3038864429
8.357571148,0.3039439302
8.378031458,0.3040008993
8.39849177,0.3040573501
8.418952084,0.3041132827
8.439414136,0.3041676264
8.45990703,0.3042326401
8.480391761,0.304294659
8.500852127,0.3043419809
8.521312458,0.304388783
8.541772793,0.3044350659
8.562233131,0.3044808299
8.582693473,0.3045260751
8.603153816,0.3045708015
8.623614162,0.3046150093
8.644074509,0.3046586985
8.664534859,0.304701869
8.684995209,0.304744521
8.705455562,0.3047866545
8.725929684,0.3048304909
8.746412729,0.3048764607
8.766873181,0.3049137783
8.787333536,0.3049505758
8.807793894,0.3049868538
8.828254256,0.3050226127
8.84871462,0.3050578524
8.869174987,0.3050925731
8.889635355,0.3051267748
8.910095726,0.3051604577
8.930556098,0.3051936217
8.951016471,0.3052262668
8.971476845,0.3052583932
8.991939678,0.3052880118
9.012440418,0.3053202229
9.03292707,0.305358745
9.0533875,0.3053819344
9.073847883,0.3054046034
9.094308268,0.3054267526
9.114768656,0.3054483824
9.135229046,0.3054694927
9.155689437,0.3054900836
9.17614983,0.3055101553
9.196610225,0.3055297077
9.21707062,0.3055487409
9.237531017,0.3055672549
9.257991415,0.3055852498
9.278470897,0.3056116376
9.298946518,0.3056335141
9.319406918,0.3056468416
9.339867312,0.3056596487
9.360327709,0.3056719359
9.380788108,0.3056837031
9.401248509,0.3056949506
9.421708912,0.3057056784
9.442169316,0.3057158867
9.462629721,0.3057255754
9.483090127,0.3057347447
9.503550534,0.3057433945
9.524010942,0.3057515249
9.544475284,0.3057638591
9.564947472,0.3057701057
9.585407875,0.3057779899
9.60586827,0.3057853535
9.626328668,0.3057921967
9.64678907,0.3057985197
9.667249474,0.3058043227
9.68770988,0.3058096058
9.708170287,0.3058143691
9.728630696,0.3058186127
9.749091105,0.3058223362
9.769551515,0.3058255315
9.790011926,0.3058282453
9.810472338,0.3058305341
9.83093275,0.3058324646
9.851393163,0.3058340928
9.871853575,0.3058354661
9.892320955,0.3058373862
9.912808377,0.3058529974
9.933269471,0.3058552601
9.953729872,0.3058572753
9.974190276,0.3058589744
9.994650682,0.3058604072
10.01511109,0.3058616154
10.0355715,0.3058626341
10.05603191,0.3058634932
10.07649232,0.3058642177
10.09695273,0.3058648286
10.11741314,0.3058653438
10.13787356,0.3058657783
10.15833397,0.3058661447
10.17879438,0.3058664536
10.1992548,0.3058667142
10.21971521,0.3058669339
10.24017562,0.3058671192
10.26063603,0.3058672754
10.28109645,0.3058674072
10.30155686,0.3058675182
10.32201727,0.3058676119
10.34247769,0.3058676909
10.3629381,0.3058677574
10.38339926,0.3058682345
10.40385985,0.3058683534
10.42432025,0.3058684571
10.44478066,0.3058685441
10.46524107,0.3058686171
10.48570148,0.3058686785
10.50616189,0.30586873
10.5266223,0.3058687733
10.54708271,0.3058688098
10.56754312,0.3058688404
10.58800353,0.3058688661
10.60846395,0.3058688878
10.62892436,0.305868906
10.64938477,0.3058689213
10.66984519,0.3058689341
10.6903056,0.3058689449
10.71076601,0.305868954
10.73122643,0.3058689616
10.75168684,0.305868968
10.77214725,0.3058689733
10.79260766,0.3058689778
10.813069,0.3058694287
10.83352941,0.3058695027
10.85398982,0.3058695646
10.87445022,0.3058696164
10.89491063,0.3058696598
10.91537104,0.3058696962
10.93583145,0.3058697267
10.95629186,0.3058697523
10.97675227,0.3058697738
10.99721269,0.3058697918
11.0176731,0.305869807
11.03813351,0.3058698196
11.05859393,0.3058698303
11.07905434,0.3058698392
11.09951475,0.3058698467
11.11997516,0.305869853
11.14043558,0.3058698582
11.16089599,0.3058698626
11.1813564,0.3058698663
11.20181682,0.3058698693
11.2222771,0.3058704396
11.24273857,0.3058703518
11.26319897,0.3058704194
11.28365938,0.3058704759
11.30411979,0.3058705233
11.3245802,0.305870563
11.34504061,0.3058705963
11.36550102,0.3058706242
11.38596143,0.3058706476
11.40642184,0.3058706672
11.42688225,0.3058706837
11.44734266,0.3058706975
11.46780308,0.3058707091
11.48826349,0.3058707188
11.5087239,0.305870727
11.52918432,0.3058707338
11.54964473,0.3058707395
11.57010514,0.3058707443
11.59056556,0.3058707483
11.61102597,0.3058707517
11.63148638,0.3058707544
11.6519477,0.3058711898
11.67240813,0.3058712648
11.69286853,0.3058713276
11.71332894,0.3058713802
11.73378935,0.3058714242
11.75424976,0.3058714611
11.77471017,0.3058714921
11.79517058,0.305871518
11.81563099,0.3058715398
11.8360914,0.305871558
11.85655182,0.3058715734
11.87701223,0.3058715862
11.89747264,0.305871597
11.91793306,0.305871606
11.93839347,0.3058716136
11.95885388,0.30587162
11.97931429,0.3058716253
11.99977471,0.3058716297
12.02023512,0.3058716335
12.04069553,0.3058716366
12.06115595,0.3058716391
12.08161729,0.3058721059
12.10207769,0.3058721757
12.1225381,0.305872234
12.1429985,0.3058722829
12.16345891,0.3058723239
12.18391932,0.3058723582
12.20437973,0.305872387
12.22484015,0.3058724111
12.24530056,0.3058724314
12.26576097,0.3058724484
12.28622138,0.3058724626
12.3066818,0.3058724746
12.32714221,0.3058724846
12.34760262,0.305872493
12.36806303,0.3058725001
12.38852345,0.305872506
12.40898386,0.3058725109
12.42944427,0.3058725151
12.44990469,0.3058725185
12.4703651,0.3058725214
12.49082629,0.3058729448
12.50510235,0.3058729235
12.50787706,0.3058729444
12.5078775,0.3058729474
12.5078775,0.3058729489
12.50787749,0.3058729501
12.50787749,0.3058729512
12.50787748,0.3058729521
12.50787748,0.3058729529
12.50787748,0.3058729536
12.50787748,0.3058729543
12.50787748,0.3058729549
12.50787748,0.3058729554
12.50787747,0.305872956
12.50787747,0.3058729565
12.50787747,0.305872957
12.50787747,0.3058729575
12.50787747,0.305872958
12.50787747,0.3058729585
12.50787768,0.3058733575
12.50787767,0.3058733602
12.50787766,0.3058733625
12.50787765,0.3058733643
12.50787764,0.3058733657
12.50787764,0.305873367
12.50787763,0.305873368
12.50787763,0.3058733689
12.50787763,0.3058733697
12.50787763,0.3058733704
12.50787762,0.305873371
12.50787762,0.3058733716
12.50787762,0.3058733722
12.50787762,0.3058733728
12.50787762,0.3058733733
12.50787762,0.3058733738
12.50787762,0.3058733743
12.50787762,0.3058733748
12.50787762,0.3058733753
12.50787783,0.3058737745
12.50787781,0.3058737772
12.5078778,0.3058737794
12.50787779,0.3058737812
12.50787779,0.3058737826
12.52097608,0.3058739993
12.54142921,0.3058741973
12.56188962,0.3058743672
12.58235003,0.3058745105
12.60281044,0.3058746313
12.62327085,0.305874733
12.64373127,0.3058748188
12.66419168,0.3058748911
12.68465209,0.305874952
12.70511251,0.3058750033
12.72557292,0.3058750466
12.74603333,0.305875083
12.76649375,0.3058751137
12.78695416,0.3058751396
12.80741457,0.3058751614
12.82787498,0.3058751797
12.84833632,0.3058756407
12.86879673,0.3058757249
12.88925713,0.3058757954
12.90971754,0.3058758544
12.93017795,0.305875904
12.95063836,0.3058759455
12.97109877,0.3058759804
12.99155918,0.3058760097
13.01201959,0.3058760342
13.03248001,0.3058760548
13.05294042,0.3058760722
13.07340083,0.3058760867
13.09386124,0.3058760989
13.11432166,0.3058761092
13.13478207,0.3058761178
13.15524248,0.305876125
13.1757029,0.305876131
13.19616331,0.3058761361
13.21662372,0.3058761403
13.23708414,0.3058761438
13.25754452,0.3058761178
13.27800589,0.3058766248
13.29846629,0.3058766931
13.3189267,0.3058767502
13.33938711,0.305876798
13.35984751,0.3058768381
13.38030792,0.3058768716
13.40076834,0.3058768998
13.42122875,0.3058769234
13.44168916,0.3058769433
13.46214957,0.3058769599
13.48260998,0.3058769738
13.5030704,0.3058769856
13.52353081,0.3058769954
13.54399122,0.3058770036
13.56445164,0.3058770105
13.58491205,0.3058770163
13.60537246,0.3058770211
13.62583288,0.3058770252
13.64629329,0.3058770285
13.6667537,0.3058770314
13.68721501,0.3058774643
13.70767545,0.3058775398
13.72813585,0.3058776029
13.74859626,0.3058776558
13.76905667,0.3058777001
13.78951708,0.3058777372
13.80997749,0.3058777683
13.8304379,0.3058777944
13.85089831,0.3058778162
13.87135872,0.3058778346
13.89181914,0.30587785
13.91227955,0.3058778629
13.93273996,0.3058778738
13.95320038,0.3058778829
13.97366079,0.3058778905
13.9941212,0.3058778969
14.01458161,0.3058779022
14.03504203,0.3058779067
14.05550244,0.3058779104
14.07596285,0.3058779135
14.09642327,0.3058779161
14.11688461,0.3058783807
14.13734501,0.3058784508
14.15780542,0.3058785095
14.17826582,0.3058785586
14.19872623,0.3058785998
14.21918664,0.3058786343
14.23964705,0.3058786632
14.26010747,0.3058786875
14.28056788,0.3058787079
14.30102829,0.305878725
14.3214887,0.3058787393
14.34194911,0.3058787513
14.36240953,0.3058787614
14.38286994,0.3058787699
14.40333035,0.3058787769
14.42379077,0.3058787829
14.44425118,0.3058787879
14.46471159,0.305878792
14.48517201,0.3058787955
14.50563242,0.3058787984
14.52609356,0.3058792228
14.54655417,0.3058792946
14.56701457,0.3058793598
14.58747498,0.3058794144
14.60793539,0.3058794601
14.6283958,0.3058794984
14.64885621,0.3058795305
14.66931662,0.3058795574
14.68977703,0.30587958
14.71023744,0.3058795989
14.73069785,0.3058796148
14.75115827,0.3058796282
14.77161868,0.3058796394
14.79207909,0.3058796487
14.81253951,0.3058796566
14.83299992,0.3058796632
14.85346033,0.3058796687
14.87392075,0.3058796733
14.89438116,0.3058796772
14.91484157,0.3058796804
14.93530198,0.3058796831
14.95576332,0.3058801341
14.97622373,0.3058802065
14.99668413,0.3058802671
15.01714454,0.3058803178
15.03760495,0.3058803603
15.05806536,0.3058803959
15.07852577,0.3058804258
15.09898618,0.3058804509
15.11944659,0.3058804719
15.13990701,0.3058804895
15.16036742,0.3058805043
15.18082783,0.3058805167
15.20128825,0.3058805271
15.22174866,0.3058805358
15.24220907,0.3058805432
15.26266948,0.3058805493
15.2831299,0.3058805544
15.30359031,0.3058805587
15.32405072,0.3058805623
15.34451114,0.3058805653
15.36497204,0.305881071
15.38543289,0.305881049
15.40589329,0.3058811163
15.4263537,0.3058811727
15.44681411,0.3058812199
15.46727451,0.3058812594
15.48773493,0.3058812925
15.50819534,0.3058813203
15.52865575,0.3058813436
15.54911616,0.3058813632
15.56957657,0.3058813796
15.59003698,0.3058813933
15.6104974,0.3058814049
15.63095781,0.3058814146
15.65141822,0.3058814227
15.67187864,0.3058814295
15.69233905,0.3058814352
15.71279946,0.30588144
15.73325988,0.305881444
15.75372029,0.3058814473
15.7741807,0.3058814501
15.79463086,0.3057000573
15.81508104,0.305184387
15.83554707,0.3046446502
15.85600048,0.3041169506
15.87645388,0.3035897573
15.8969073,0.3030630688
15.91736073,0.3025368856
15.93781418,0.3020112077
15.95826764,0.3014860353
15.97872111,0.3009613685
15.9991746,0.3004372074
16.01962811,0.299913552
16.04008163,0.2993904025
16.06053516,0.2988677588
16.0809887,0.2983456209
16.10144226,0.297823989
16.12189664,0.2973033053
16.14246082,0.2966233787
16.16289419,0.2954810005
16.18329622,0.2938758003
16.20365647,0.2918085974
16.22396447,0.2892804493
16.2442098,0.2862926496
16.26438205,0.2828467271
16.28456314,0.279031225
16.30466947,0.2752452952
16.32477526,0.271459872
16.34488113,0.2676748563
16.36498708,0.2638902479
16.38509311,0.2601060468
16.40519922,0.2563222531
16.42530541,0.2525388668
16.44541167,0.2487558878
16.46551801,0.2449733162
16.48562443,0.241191152
16.50573093,0.2374093952
16.52583751,0.2336280458
16.54594416,0.2298471039
16.56605089,0.2260665693
16.58615769,0.2222864423
16.60626877,0.2185017046
16.62637928,0.2147055782
16.64648671,0.2109288644
16.66659422,0.2071525551
16.68670182,0.2033766535
16.7068095,0.1996011594
16.72691725,0.1958260731
16.74702508,0.1920513943
16.76713298,0.1882771232
16.78724097,0.1845032598
16.80734903,0.180729804
16.82745716,0.1769567559
16.84756538,0.1731841156
16.86768027,0.1693953724
16.88780252,0.1655897846
16.907929,0.1617977492
16.92805796,0.1580229995
16.94819435,0.1542160477
16.96833614,0.150443089
16.98846463,0.1466677751
17.00859075,0.1428948931
17.02871256,0.1391540059
17.04882688,0.1354141041
17.06894128,0.1316746113
17.08905575,0.1279355273
17.10917031,0.1241968522
17.12928495,0.120458586
17.14939966,0.1167207287
17.16951446,0.1129832803
17.18962933,0.1092462408
17.20974427,0.1055096102
17.2298593,0.1017733885
17.2499744,0.09803757573
17.27008957,0.09430217193
17.29020482,0.09056717708
17.31032015,0.08683259121
17.33043556,0.08309841433
17.35056142,0.07934890365
17.37070704,0.07561985546
17.3908422,0.07186617774
17.41095923,0.06813990836
17.43107617,0.06441408079
17.45119319,0.06068866254
17.47131029,0.05696365361
17.49142747,0.05323905401
17.51154473,0.04951486374
17.53166206,0.04579108282
17.55177947,0.04206771125
17.57189695,0.03834474905
17.59201452,0.03462219622
17.61213215,0.03090005278
17.63224987,0.02717831875
17.65236766,0.02345699413
17.67248553,0.01973607894
17.69261024,0.01599641102
17.71276018,0.01226361913
17.73288005,0.00855066622
17.75299947,0.004838232524
17.77311897,0.001126208619
17.79323854,-0.002585405504
17.8133582,-0.006296609844
17.83347793,-0.01000740439
17.85359774,-0.01371778915
17.87371763,-0.01742776409
17.89383759,-0.02113732923
17.91395763,-0.02484648453
17.93407775,-0.02855523
17.95419794,-0.03226356561
17.97431821,-0.03597149137
17.99443855,-0.03967900724
18.01455897,-0.04338611323
18.03467944,-0.04709281624
18.05482484,-0.05080914558
18.07496633,-0.0545435632
18.09511229,-0.05826626245
18.11525185,-0.06198384779
18.13538824,-0.06569647018
18.1555122,-0.06938458573
18.17563617,-0.073072278
18.19576023,-0.07675955967
18.21588436,-0.08044643075
18.23600857,-0.08413289122
18.25613286,-0.08781894109
18.27625723,-0.09150458033
18.29638167,-0.09518980895
18.31650619,-0.09887462693
18.33663079,-0.1025590343
18.35675546,-0.1062430309
18.3768802,-0.1099266169
18.39700503,-0.1136097922
18.41712992,-0.1172925568
18.4372549,-0.1209749107
18.45738387,-0.1246559535
18.47753812,-0.1283510691
18.49767556,-0.1320414557
18.51780208,-0.1357152452
18.53792868,-0.1393886228
18.55805536,-0.1430615894
18.57818212,-0.146734145
18.59830895,-0.1504062895
18.61843586,-0.1540780228
18.63856285,-0.1577493451
18.65868991,-0.1614202563
18.67881705,-0.1650907564
18.69894427,-0.1687608454
18.71907156,-0.1724305232
18.73919893,-0.1760997898
18.75932637,-0.1797686453
18.77945389,-0.1834370897
18.79958148,-0.1871051228
18.81971603,-0.1907889877
18.83987427,-0.1944568739
18.86001617,-0.198121073
18.88016266,-0.2017988092
18.90032025,-0.2054547501
18.92045111,-0.209108834
18.94058132,-0.2127623902
18.96071161,-0.2164155346
18.98084198,-0.2200682672
19.00097243,-0.2237205882
19.02110295,-0.2273724974
19.04123355,-0.2310239948
19.06136423,-0.2346750805
19.08149498,-0.2383257544
19.10162581,-0.2419760166
19.12175671,-0.2456258669
19.14188769,-0.2492753054
19.16201874,-0.2529243321
19.18214987,-0.256572947
19.20228107,-0.26022115
19.22241585,-0.2638697384
19.24258743,-0.2675492288
19.26274294,-0.2712203879
19.28288829,-0.2748952947
19.30303869,-0.2785553762
19.32317144,-0.2821970353
19.34330389,-0.2858382242
19.36343643,-0.2894790009
19.38356904,-0.2931193655
19.40370174,-0.296759318
19.4238345,-0.3003988583
19.44396735,-0.3040379865
19.46410027,-0.3076767024
19.48423327,-0.3113150063
19.50436634,-0.3149528979
19.52449948,-0.3185903773
19.5446327,-0.3222274445
19.564766,-0.3258640994
19.58489937,-0.3295003421
19.60503282,-0.3331361726
19.6251728,-0.3367819456
19.64533727,-0.3404395043
19.66547076,-0.3440760706
19.68560415,-0.347712192
19.70573761,-0.3513479011
19.72587115,-0.3549831979
19.74600477,-0.3586180824
19.76613846,-0.3622525546
19.78627222,-0.3658866144
19.80640606,-0.369520262
19.82653997,-0.3731534972
19.84667396,-0.37678632
19.86680803,-0.3804187305
19.88694601,-0.3840557619
19.90711898,-0.3877183004
19.92727728,-0.3913696701
19.94742278,-0.3950280834
19.96756126,-0.3986639031
19.9876961,-0.4022919006
20.00783102,-0.4059194856
20.02796602,-0.409546658
20.04810109,-0.4131734178
20.06823624,-0.416799765
20.08837147,-0.4204256996
20.10850678,-0.4240512216
20.12864216,-0.427676331
20.14877761,-0.4313010278
20.16891314,-0.4349253119
20.18904875,-0.4385491834
20.20918442,-0.4421726421
20.22932018,-0.4457956883
20.24945601,-0.4494183217
20.26959191,-0.4530405424
20.28974337,-0.4566809596
20.30991179,-0.4603231111
20.33004781,-0.4639452586
20.35018379,-0.4675669701
20.37031984,-0.4711882689
20.39045598,-0.474809155
20.41059219,-0.4784296282
20.43072848,-0.4820496887
20.45086484,-0.4856693363
20.47100128,-0.4892885711
20.49113779,-0.4929073931
20.51127438,-0.4965258023
20.53141104,-0.5001437986
20.55154778,-0.5037613821
20.57168459,-0.5073785526
20.59182148,-0.5109953103
20.61195844,-0.5146116551
20.63211434,-0.5182489003
20.65228436,-0.5218697085
20.67242123,-0.5254870898
20.69255807,-0.5291040359
20.71269498,-0.5327205691
20.73283198,-0.5363366893
20.75296905,-0.5399523966
20.77310619,-0.5435676909
20.79324341,-0.5471825723
20.81338071,-0.5507970407
20.83351808,-0.5544110961
20.85365553,-0.5580247386
20.87379305,-0.561637968
20.89393064,-0.5652507844
20.91406831,-0.5688631877
20.93420606,-0.572475178
20.95434452,-0.576085648
20.97451254,-0.5797254796
20.99465111,-0.5833382118
21.01478879,-0.5869504052
21.03492656,-0.5905621856
21.05506441,-0.5941735528
21.07520233,-0.597784507
21.09534033,-0.601395048
21.1154784,-0.605005176
21.13561655,-0.6086148908
21.15575478,-0.6122241924
21.17589308,-0.6158330809
21.19603145,-0.6194415563
21.2161699,-0.6230496184
21.23630843,-0.6266572674
21.25644702,-0.6302645031
21.2765857,-0.6338713257
21.29673017,-0.6374886306
21.31689486,-0.6411120344
21.33703343,-0.6447194804
21.35717205,-0.6483265071
21.37731075,-0.6519331206
21.39744952,-0.6555393207
21.41758837,-0.6591451076
21.4377273,-0.6627504813
21.4578663,-0.6663554416
21.47800538,-0.6699599886
21.49814453,-0.6735641224
21.51828376,-0.6771678428
21.53842306,-0.6807711498
21.55856244,-0.6843740435
21.57870189,-0.6879765239
21.59884141,-0.6915785908
21.61898101,-0.6951802444
21.6391396,-0.6988028122
21.65929197,-0.7024112503
21.67943144,-0.7060135226
21.69957098,-0.7096153812
21.71971061,-0.7132168263
21.73985031,-0.7168178581
21.75999009,-0.7204184764
21.78012994,-0.7240186813
21.80026987,-0.7276184727
21.82040987,-0.7312178506
21.84054995,-0.734816815
21.86069011,-0.738415366
21.88083033,-0.7420135034
21.90097064,-0.7456112273
21.92111101,-0.7492085377
21.94125146,-0.7528054346
21.9613957,-0.7564012574
21.98156359,-0.7600256028
22.0017047,-0.7636232243
22.02188414,-0.7671156728
22.04212363,-0.7701391326
22.06242859,-0.7727027461
22.08283964,-0.7749297948
22.1031767,-0.7771671878
22.1235136,-0.7794040974
22.14385056,-0.7816405507
22.16418757,-0.7838765474
22.18452464,-0.7861120875
22.20486176,-0.7883471709
22.22519893,-0.7905817976
22.24553616,-0.7928159674
22.26587343,-0.7950496804
22.28621075,-0.7972829364
22.30654813,-0.7995157356
22.32688556,-0.8017480777
22.34722304,-0.8039799629
22.36756056,-0.8062113911
22.38789814,-0.8084423623
22.40824366,-0.8106911358
22.42858883,-0.8129219357
22.44892683,-0.815148886
22.46926489,-0.8173753795
22.48960301,-0.819601416
22.50994117,-0.8218269956
22.53027939,-0.824052118
22.55061766,-0.8262767834
22.57095598,-0.8285009916
22.59129435,-0.8307247426
22.61163277,-0.8329480364
22.63197124,-0.8351708729
22.65230976,-0.8373932522
22.67264834,-0.8396151742
22.69298696,-0.8418366388
22.71334014,-0.8440785627
22.73367977,-0.8462966334
22.75401882,-0.8485140616
22.77435792,-0.8507310326
22.79469708,-0.8529475465
22.81503629,-0.8551636031
22.83537555,-0.8573792023
22.85571486,-0.8595943441
22.87605422,-0.8618090284
22.89639363,-0.8640232553
22.9167331,-0.8662370246
22.93707261,-0.8684503364
22.95741218,-0.8706631907
22.97775179,-0.8728755874
22.99809145,-0.8750875264
23.01844435,-0.877320218
23.03880781,-0.8795251952
23.05914956,-0.881733175
23.07948982,-0.8839395184
23.09983013,-0.8861454044
23.1201705,-0.8883508329
23.14051091,-0.8905558037
23.16085138,-0.8927603168
23.1811919,-0.8949643722
23.20153247,-0.8971679698
23.22187309,-0.8993711096
23.24221376,-0.9015737916
23.26255448,-0.9037760156
23.28289526,-0.9059777818
23.30323608,-0.90817909
23.32357695,-0.9103799404
23.34393228,-0.9126031836
23.36429785,-0.9148187393
23.38464997,-0.9170171947
23.40499165,-0.9192104408
23.42533338,-0.9214032289
23.44567516,-0.9235955591
23.466017,-0.9257874314
23.48635889,-0.9279788456
23.50670083,-0.9301698016
23.52704282,-0.9323602995
23.54738486,-0.9345503392
23.56772695,-0.9367399206
23.58805082,-0.9387981445
23.60843587,-0.9403707599
23.62887515,-0.9416243983
23.64930087,-0.9428715873
23.66972305,-0.9441136654
23.69014526,-0.9453552581
23.71056751,-0.9465963653
23.73098979,-0.9478369869
23.75141211,-0.9490771226
23.77183445,-0.9503167723
23.79225682,-0.9515559361
23.83310166,-0.9540328053
23.85352413,-0.9552705107
23.87394663,-0.9565077298
23.89436915,-0.9577444628
23.91479171,-0.9589807094
23.93521197,-0.9602154847
23.95565709,-0.9614702869
23.97608001,-0.9627015999
23.99650287,-0.9639324211
24.01692577,-0.9651627567
24.03734871,-0.9663926065
24.05777167,-0.9676219703
24.07819467,-0.9688508479
24.0986177,-0.9700792394
24.11904075,-0.9713071445
24.15988696,-0.9737614954
24.18031011,-0.9749879412
24.20073329,-0.9762139005
24.2211565,-0.9774393731
24.24157974,-0.9786643592
24.26200298,-0.9798888662
24.28245432,-0.981123457
24.30290196,-0.9823462346
24.32332702,-0.9835643469
24.3437507,-0.9847816929
24.36417441,-0.9859985528
24.38459816,-0.9872149264
24.40502193,-0.9884308136
24.44586958,-0.9908611283
24.46629345,-0.9920755556
24.48671735,-0.9932894961
24.50714128,-0.9945029497
24.52756524,-0.9957159165
24.54798923,-0.9969283963
24.56841325,-0.9981403893
24.5888373,-0.9993518952
24.60926688,-1.000567828
24.62970945,-1.001788166
24.65013386,-1.002993799
24.67055827,-1.004198943
24.69098272,-1.005403601
24.71140719,-1.006607771
24.75225624,-1.009014652
24.7726808,-1.010217362
24.7931054,-1.011419585
24.81353003,-1.01262132
24.83395468,-1.013822569
24.85437937,-1.01502333
24.87480408,-1.016223604
24.89522883,-1.01742339
24.91565416,-1.018622811
24.93609938,-1.01984561
24.95654575,-1.021038207
24.99739578,-1.023431544
25.01782074,-1.024627479
25.03824573,-1.025822927
25.05867075,-1.027017888
25.0790958,-1.028212362
25.09952088,-1.029406349
25.11994599,-1.030599848
25.14037113,-1.03179286
25.16094764,-1.032877605
25.20195751,-1.03446465
25.22240225,-1.035255531
25.24284703,-1.036045918
25.26329184,-1.036835809
25.28373668,-1.037625204
25.30418155,-1.038414101
25.32462644,-1.039202501
25.34507136,-1.039990403
25.3655163,-1.040777807
25.38596126,-1.041564713
25.40640625,-1.04235112
25.42685125,-1.043137029
25.44729628,-1.04392244
25.48818639,-1.045491764
25.50863147,-1.046275678
25.52907658,-1.047059093
25.5495217,-1.047842009
25.56996684,-1.048624427
25.59042342,-1.049418319
25.61086972,-1.05019761
25.63131498,-1.05097633
25.65176027,-1.051754552
25.67220559,-1.052532275
25.69265092,-1.0533095
25.71309628,-1.054086226
25.75398705,-1.055638182
25.77443247,-1.056413412
25.79487791,-1.057188143
25.81532337,-1.057962375
25.83576884,-1.058736108
25.85621434,-1.059509341
25.87665985,-1.060282076
25.89710595,-1.061054421
25.91756343,-1.061837214
25.95845475,-1.063374786
25.97890043,-1.064142825
25.99934613,-1.064910364
26.01979185,-1.065677405
26.0402376,-1.066443947
26.06068336,-1.06720999
26.08112915,-1.067975533
26.10157495,-1.068740578
26.12202078,-1.069505123
26.16291249,-1.071032716
26.18335837,-1.071795763
26.20380427,-1.07255831
26.22425574,-1.07332538
26.24470869,-1.074092196
26.26515471,-1.074851043
26.28560075,-1.075609391
26.30604682,-1.076367241
26.32649291,-1.077124592
26.34693901,-1.077881444
26.38783129,-1.07939365
26.40827746,-1.080149003
26.42872365,-1.080903858
26.44916986,-1.081658212
26.46961608,-1.082412067
26.49006233,-1.083165423
26.51050859,-1.083918278
26.53095488,-1.084670634
26.55141356,-1.085434093
26.5718601,-1.086183255
26.61289178,-1.086910445
26.6333546,-1.086574593
26.65380437,-1.085775061
26.6742306,-1.084512257
26.69462279,-1.082786826
26.71497048,-1.080599648
26.7353077,-1.078073045
26.75561125,-1.075549826
26.77591458,-1.073027077
26.79621798,-1.070504777
26.83682495,-1.065461524
26.8572858,-1.06302469
26.87765447,-1.061070623
26.89806619,-1.059576571
26.91860857,-1.058361259
26.93903244,-1.057148105
26.95945635,-1.055935447
26.97988031,-1.054723283
27.02072835,-1.052300431
27.04116506,-1.051232338
27.06162194,-1.050621613
27.08222209,-1.050294235
27.10267978,-1.049969177
27.12313746,-1.049644634
27.14359515,-1.049320605
27.16405286,-1.048997089
27.18451058,-1.048674086
27.20496832,-1.048351595
27.24588382,-1.047708149
27.26634159,-1.047387194
27.28679936,-1.04706675
27.30725714,-1.046746818
27.32771494,-1.046427397
27.34817274,-1.046108488
27.36863055,-1.04579009
27.38908837,-1.045472204
27.40955476,-1.045152548
27.45048043,-1.044519603
27.47093831,-1.044206672
27.4913962,-1.043894254
27.5118541,-1.043582348
27.53231202,-1.043270955
27.55276994,-1.042960074
27.57322788,-1.042649705
27.59368582,-1.042339848
27.61414377,-1.042030502
27.65505969,-1.041413347
27.67551767,-1.041105536
27.69597565,-1.040798238
27.71644792,-1.040484705
27.73691018,-1.040180754
27.75736821,-1.0398779
27.77782626,-1.039575561
27.79828431,-1.039273734
27.83920046,-1.038671618
27.85965854,-1.038371329
27.88011664,-1.038071552
27.90057474,-1.037772288
27.92103286,-1.037473535
27.94149098,-1.037175295
27.9619491,-1.036877566
27.98240724,-1.03658035
28.02334158,-1.035980636
28.04380023,-1.035687846
28.06425842,-1.03539559
28.08471663,-1.035103848
28.10517484,-1.034812619
28.12563306,-1.034521903
28.1460913,-1.034231699
28.16654954,-1.033942009
28.18700779,-1.033652831
28.22792432,-1.033076012
28.2483826,-1.03278837
28.26884089,-1.032501242
28.28929918,-1.032214625
28.30975748,-1.031928521
28.3302342,-1.031636562
28.35069263,-1.031354392
28.39160933,-1.030791601
28.4120677,-1.030510976
28.43252608,-1.030230864
28.45298446,-1.029951265
28.47344286,-1.029672179
28.49390126,-1.029393606
28.51435968,-1.029115545
28.5348181,-1.028837997
28.57573496,-1.028284439
28.5961934,-1.028008429
28.6166539,-1.027734036
28.63713922,-1.027448427
28.65759862,-1.027176739
28.67805711,-1.026905566
28.69851561,-1.026634908
28.71897412,-1.026364763
28.75989117,-1.025826014
28.78034971,-1.025557409
28.80080826,-1.025289317
28.82126681,-1.025021739
28.84172537,-1.024754673
28.86218394,-1.02448812
28.88264252,-1.02422208
28.90310111,-1.023956553
28.94403886,-1.023418909
28.96450012,-1.023155724
28.98495876,-1.022895225
29.00541741,-1.02263524
29.02587607,-1.022375769
29.04633473,-1.022116811
29.06679341,-1.021858367
29.10771078,-1.021343018
29.12816948,-1.021086113
29.14862818,-1.020829721
29.16908689,-1.020573842
29.18954561,-1.020318477
29.21000859,-1.020059328
29.23048629,-1.01980085
29.27140384,-1.019299665
29.29186262,-1.019049844
29.31232141,-1.018800536
29.33278021,-1.018551742
29.35323901,-1.018303462
29.37369782,-1.018055695
29.39415664,-1.017808442
29.4350743,-1.017315476
29.45553314,-1.017069763
29.47599256,-1.016824475
29.49647413,-1.0165705
29.51693335,-1.016329266
29.55785114,-1.015848331
29.57831005,-1.015608635
29.59876897,-1.015369453
29.61922789,-1.015130784
29.63968682,-1.01489263
29.66014576,-1.014654989
29.6806047,-1.014417862
29.70106365,-1.014181248
29.74198157,-1.013709562
29.76245977,-1.013466082
29.78292317,-1.013232723
29.80338218,-1.013001613
29.82384119,-1.012771018
29.84430021,-1.012540937
29.86475924,-1.012311371
29.90567732,-1.01185378
29.92613637,-1.011625756
29.94659543,-1.011398245
29.96705449,-1.011171249
30.00797264,-1.010718797
30.0284403,-1.010491105
30.04891402,-1.010260177
30.06937314,-1.010038728
30.08983226,-1.009817794
30.11029139,-1.009597374
30.15120968,-1.009158079
30.17166883,-1.008939203
30.19212799,-1.008720841
30.21258715,-1.008502993
30.23304632,-1.00828566
30.2535055,-1.00806884
30.27396469,-1.007852535
30.31490858,-1.007408831
30.33539042,-1.007182789
30.35584977,-1.006974438
30.37630903,-1.006766606
30.3967683,-1.006559289
30.41722758,-1.006352487
30.43768686,-1.0061462
30.47860546,-1.00573517
30.49906476,-1.005530427
30.51952407,-1.005326199
30.53998339,-1.005122485
30.56044271,-1.004919285
30.58090204,-1.0047166
30.62183922,-1.004306764
30.64229862,-1.004108535
30.66275798,-1.003910822
30.68321735,-1.003713626
30.70367673,-1.003516945
30.74459551,-1.00312513
30.76505491,-1.002929995
30.78551432,-1.002735375
30.80597373,-1.002541269
30.82643315,-1.002347679
30.86735201,-1.001962042
30.88781144,-1.001769996
30.90827193,-1.001579601
30.92874895,-1.001382331
30.94920842,-1.001194706
30.96966788,-1.001007597
31.01058684,-1.000634928
31.03104633,-1.000449367
31.05150583,-1.000264321
31.07196533,-1.000079791
31.09242484,-0.9998957759
31.13334388,-0.9995292908
31.15380341,-0.9993468209
31.17426294,-0.9991648659
31.19472247,-0.9989834259
31.21519059,-0.9988002225
31.23572429,-0.9987921736
31.27662931,-1.00017084
31.29704762,-1.001555098
31.31736158,-1.003275113
31.33774227,-1.005053099
31.35814354,-1.006808106
31.37852902,-1.008553731
31.41959124,-1.012186655
31.43992332,-1.014519636
31.46039352,-1.017183478
31.48070029,-1.019829799
31.50098904,-1.022466955
31.52127784,-1.025103667
31.56200655,-1.031169602
31.58213288,-1.034873734
31.60242144,-1.038945366
31.62248409,-1.042972441
31.642543,-1.046998468
31.68266109,-1.055049324
31.70272026,-1.059074154
31.72277951,-1.063098584
31.74283884,-1.067122614
31.76289825,-1.071146246
31.80301732,-1.079192311
31.82307698,-1.083214744
31.84313671,-1.087236779
31.86319653,-1.091258414
31.88325643,-1.095279649
31.90331641,-1.099300485
31.94344604,-1.107352304
31.96351445,-1.111363908
31.9835752,-1.115380832
32.00363603,-1.119397356
32.02369695,-1.12341348
32.06381903,-1.13144453
32.08388019,-1.135459456
32.10394143,-1.139473982
32.12400275,-1.143488108
32.14406416,-1.147501835
32.1841872,-1.15552809
32.20424885,-1.159540618
32.22431057,-1.163552747
32.24437913,-1.167580699
32.26445903,-1.171590003
32.28452943,-1.175612022
32.32466167,-1.183621766
32.34472465,-1.187627523
32.36478772,-1.191632879
32.38485087,-1.195637835
32.4049141,-1.199642392
32.44504081,-1.207650305
32.46510429,-1.211653661
32.48516784,-1.215656618
32.50523148,-1.219659174
32.5252952,-1.223661331
32.56542288,-1.231664444
32.58548683,-1.2356654
32.60555087,-1.239665957
32.62560925,-1.243541132
32.64578599,-1.246933933
32.68635415,-1.252352819
32.70672093,-1.254371212
32.72712803,-1.255927534
32.74756496,-1.257020984
32.76802123,-1.257650999
32.78848634,-1.257817252
32.8294163,-1.256759733
32.84984494,-1.255536389
32.87024043,-1.253850354
32.89059231,-1.251702487
32.91089012,-1.249093888
32.95128184,-1.242500059
32.97135501,-1.238518205
32.99133262,-1.234082363
33.01120743,-1.229195788
33.05059312,-1.218076269
33.07008648,-1.211849791
33.08943354,-1.205182986
33.10862437,-1.19807927
33.1276491,-1.190542283
33.14649794,-1.182575891
33.18362931,-1.165371443
33.20189274,-1.15614221
33.2199421,-1.14650121
33.23776811,-1.136453389
33.2553616,-1.126003902
33.28981492,-1.103921577
33.30665485,-1.092302857
33.32322449,-1.080294957
33.33951998,-1.067918823
33.35553051,-1.055176238
33.38666386,-1.028618074
33.40177064,-1.014816134
33.4165604,-1.000675014
33.4310255,-0.9862019782
33.44515851,-0.9714044631
33.47239924,-0.9408665703
33.48549292,-0.9251418863
33.49822641,-0.9091241018
33.51059315,-0.8928214511
33.53420103,-0.8593952198
33.54542998,-0.8422888273
33.55626782,-0.8249319359
33.56670894,-0.8073334734
33.57674795,-0.7895024928
33.59559911,-0.7531797885
33.60440151,-0.7347067555
33.61279887,-0.7160226249
33.6207665,-0.6971740534
33.62832034,-0.6781279271
33.63539862,-0.6589669928
33.64826937,-0.6201191533
33.65403996,-0.6004858865
33.6593633,-0.5807265269
33.66423662,-0.5608512542
33.67262331,-0.5207939869
33.67613231,-0.5006326344
33.67918258,-0.4803966423
33.68177824,-0.460082459
33.68561053,-0.4192776618
33.68682382,-0.3988474607
33.68757379,-0.3783951979
33.68786007,-0.3579313767
33.6876825,-0.3374665056
33.68704116,-0.3170110941
33.68436935,-0.2761694369
33.68233963,-0.2558028391
33.67984914,-0.235490171
33.67689889,-0.2152393267
33.66962537,-0.174964686
33.66530582,-0.1549615817
33.66053395,-0.1350616742
33.65531291,-0.1152715499
33.64353165,-0.07607883716
33.63697777,-0.05669320769
33.62998608,-0.03746126095
33.62256017,-0.01839288443
33.61470384,0.0005021176905
33.60642111,0.01921402955
33.58859369,0.05605019017
33.57905813,0.074155493
33.56911446,0.09203982341
33.55876778,0.1096939804
33.53688683,0.1442755614
33.52536378,0.1611851887
33.51346017,0.1778290582
33.50118211,0.1941986016
33.47552805,0.2260811415
33.46216522,0.2415777189
33.44845427,0.2567671405
33.43440225,0.2716415809
33.42001638,0.2861933759
33.40530404,0.300415026
33.37493039,0.3278387426
33.35928467,0.34102667
33.34334371,0.3538561817
33.32711568,0.3663206598
33.29383196,0.3901289828
33.27679338,0.4014605403
33.25950196,0.4124024962
33.24196659,0.4229492002
33.20620022,0.4428352679
33.18798762,0.4521643562
33.16958676,0.4610648538
33.15096847,0.4695558367
33.13216213,0.4776220019
33.09402412,0.4924634001
33.07471208,0.499230949
33.05525126,0.5055583146
33.03565168,0.511442217
33.01592152,0.5168828344
32.99607441,0.5218699613
32.95600465,0.5306136812
32.93598533,0.5348324885
32.91596605,0.5390508743
32.89594667,0.5432688672
32.85590767,0.5517036747
32.83588804,0.5559204893
32.81586833,0.5601369112
32.79584853,0.5643529403
32.75580869,0.5727838203
32.73578864,0.5769986711
32.71576851,0.5812131292
32.69574829,0.5854271945
32.67572799,0.5896408671
32.63568715,0.5980670337
32.6156547,0.602299306
32.59567006,0.6064051042
32.57553846,0.6100638666
32.53504499,0.6160066993
32.51470585,0.6182879042
32.49432044,0.6201076008
32.47389921,0.621464853
32.45334815,0.622544596
32.41248491,0.6246963782
32.39205324,0.6257715381
32.37162152,0.6268462098
32.35118977,0.6279203925
32.31032617,0.6300672891
32.28989432,0.6311400025
32.26946245,0.6322122255
32.24903054,0.633283958
32.20816665,0.6354259512
32.18773467,0.6364962117
32.16730266,0.6375659813
32.14687062,0.6386352601
32.12643855,0.6397040479
32.08557434,0.6418401506
32.0651422,0.6429074654
32.04469478,0.6439861389
32.0242372,0.6450634642
31.98332607,0.6471824391
31.96288542,0.6482334541
31.94245266,0.6492885943
31.92201987,0.650343244
31.8811542,0.6524510716
31.86072133,0.6535042489
31.84028842,0.6545569352
31.81985549,0.6556091302
31.79942254,0.656660834
31.75855654,0.6587627674
31.73812351,0.6598129969
31.71769045,0.660862735
31.69725736,0.6619119815
31.65637934,0.6640232704
31.63593129,0.6650849833
31.61548299,0.6661216203
31.59504946,0.6671618172
31.55418231,0.6692407386
31.5337487,0.6702794627
31.51331505,0.6713176955
31.49288138,0.6723554367
31.47244768,0.6733926864
31.4315802,0.6754657105
31.41114643,0.6765014849
31.39071262,0.6775367674
31.37027879,0.6785715581
31.32941106,0.6806396635
31.30897324,0.6816714748
31.2885117,0.6827233982
31.26805191,0.6837680651
31.2271094,0.6858353591
31.20666642,0.6868463333
31.18623143,0.6878576754
31.16579641,0.688868526
31.12492629,0.6908887514
31.10449118,0.6918981259
31.08405605,0.6929070081
31.04318572,0.694923295
31.02275051,0.6959306997
31.00231528,0.6969376117
30.98188003,0.697944031
30.96144475,0.6989499577
30.92057411,0.7009603327
30.90012414,0.7019777769
30.87966753,0.7029985302
30.85923175,0.7039957903
30.81836029,0.7059888171
30.79792452,0.7069845921
30.77748872,0.7079798744
30.75705289,0.7089746641
30.71618117,0.7109627649
30.69574527,0.7119560759
30.67530934,0.7129488939
30.65487339,0.7139412188
30.63443741,0.7149330506
30.59356539,0.7169152348
30.5731211,0.7179182019
30.55265081,0.7189229259
30.5117616,0.7209038169
30.49132508,0.721884161
30.47088854,0.7228640124
30.45045197,0.7238433709
30.43001537,0.7248222364
30.38914209,0.7267784876
30.36870542,0.7277558732
30.34826872,0.7287327653
30.30739525,0.7306850691
30.28695848,0.7316604807
30.26652168,0.7326353988
30.24608486,0.7336098232
30.20517365,0.7355713627
30.18473658,0.7365401695
30.16429948,0.737508483
30.14386236,0.7384763037
30.10298804,0.7404104655
30.08255084,0.7413768062
30.06211361,0.7423426534
30.04167636,0.7433080068
30.00080179,0.7452372325
29.98036446,0.7462011046
29.95992712,0.7471644828
29.93948975,0.7481273672
29.89860994,0.7500553632
29.87814598,0.7510363609
29.85769678,0.7520006379
29.81682107,0.7539057923
29.79638319,0.7548576285
29.77594528,0.7558089706
29.73506938,0.7577101725
29.7146314,0.7586600322
29.69419339,0.7596093976
29.67375536,0.7605582688
29.6533173,0.7615066456
29.61242843,0.7634173847
29.59195751,0.7643822503
29.57151733,0.7653271646
29.53064087,0.7672154753
29.51020259,0.7681588902
29.48976429,0.7691018113
29.46932597,0.7700442383
29.44888762,0.770986171
29.40801084,0.7728685536
29.38757242,0.7738090033
29.36713398,0.7747489585
29.32625702,0.7766273853
29.30580771,0.777391248
29.285339,0.7776874335
29.24427344,0.7777043539
29.22381306,0.7777118246
29.20335267,0.7777187777
29.18289227,0.7777252125
29.16243187,0.7777311288
29.12151106,0.7777414037
29.10105066,0.7777457611
29.08059025,0.7777495964
29.03966943,0.7777557188
29.01920902,0.7777580952
28.99874861,0.7777600997
28.9782882,0.7777617905
28.93719507,0.7770892602
28.91674222,0.7765720411
28.89620826,0.7759145814
28.85537038,0.7732032696
28.83500828,0.7711541574
28.81469803,0.7686440569
28.79445004,0.7656742518
28.75418244,0.7583618391
28.73418352,0.7540229742
28.71428823,0.749231888
28.7003894,0.7470758701
28.66547885,0.7369615648
28.64581967,0.7313007331
28.60650004,0.7199798223
28.58684006,0.7143198821
28.56717999,0.7086602847
28.54751982,0.7030010299
28.50819917,0.6916835475
28.4885387,0.6860253195
28.46887813,0.6803674336
28.42955669,0.6690526878
28.40989582,0.6633958277
28.39023485,0.6577393096
28.37057125,0.6520741752
28.33122944,0.6407590993
28.31156697,0.6351078887
28.29190439,0.6294570231
28.27224171,0.6238065018
28.23291604,0.6125064902
28.21325306,0.6068569991
28.19358998,0.6012078509
28.17392679,0.5955590454
28.13460013,0.5842624619
28.11493665,0.5786146837
28.09527307,0.5729672479
28.05594561,0.5616734031
28.03628122,0.5560267562
28.01659963,0.5503635311
27.97726692,0.5390795151
27.95760153,0.5334384145
27.93793605,0.5277976588
27.91827046,0.5221572475
27.87893898,0.5108774562
27.85927309,0.5052380756
27.8396071,0.4995990381
27.80027483,0.4883219919
27.78060854,0.4826839829
27.76094215,0.4770463167
27.74127567,0.4714089931
27.70194241,0.4601353738
27.68227015,0.45448519
27.66258767,0.4488473544
27.62325141,0.4375843413
27.60358312,0.4319533547
27.58391473,0.426322713
27.56424624,0.4206924158
27.52490896,0.4094328531
27.50524017,0.4038035872
27.48557128,0.3981746646
27.4462332,0.3869178491
27.42656401,0.381289956
27.40689473,0.375662406
27.36755586,0.3644083349
27.34788326,0.3587820575
27.32819628,0.353138445
27.30852506,0.3475164279
27.269183,0.3362736533
27.24951182,0.3306527847
27.22984053,0.325032261
27.19049765,0.3137922471
27.17082606,0.3081727562
27.15115437,0.302553609
27.1118107,0.2913163457
27.09213872,0.2856982292
27.07246663,0.2800804562
27.03312217,0.2688459402
27.01344979,0.2632291972
26.99376874,0.2575936168
26.97408336,0.2519818737
26.93473571,0.2407586536
26.91506174,0.2351475634
26.89538766,0.2295368186
26.85603919,0.218316364
26.83636481,0.2127066535
26.81669033,0.2070972872
26.79701575,0.2014882649
26.75766629,0.1902712521
26.73799141,0.1846632615
26.71831644,0.1790556145
26.67896619,0.1678413518
26.65928699,0.1622236792
26.63959459,0.1566121158
26.60024133,0.1454084468
26.58056456,0.1398071393
26.5608877,0.1342061779
26.54121072,0.1286055621
26.50185648,0.1174053658
26.48217921,0.1118057848
26.46250184,0.1062065482
26.4231468,0.09500910797
26.40346914,0.08941090415
26.38379137,0.08381304446
26.36411351,0.07821552886
26.32475744,0.06702212479
26.30506021,0.06140776998
26.28537931,0.0558150264
26.24602031,0.04463163089
26.22634066,0.03904045363
26.2066609,0.03344962249
26.16730109,0.02226899695
26.14762103,0.01667920195
26.12794088,0.01108975184
26.08858027,-8.81E-05
26.06889982,-0.005676530394
26.04921927,-0.01126460205
26.02953862,-0.01685232924
25.99017704,-0.02802675036
25.97048782,-0.0336274607
25.95079367,-0.03921512114
25.91142911,-0.05037894398
25.89174668,-0.05596033331
25.87206414,-0.06154137595
25.83269877,-0.07270242297
25.81301593,-0.07828242803
25.793333,-0.08386208776
25.75396683,-0.09502037186
25.7342836,-0.1005989964
25.71460027,-0.1061772761
25.67523332,-0.1173328011
25.65554969,-0.1229100464
25.63586233,-0.1284894011
25.61616129,-0.13408017
25.57679104,-0.1452244643
25.55710584,-0.1507960664
25.53742053,-0.1563673213
25.49804961,-0.1675087912
25.47836399,-0.173079007
25.45867828,-0.1786488771
25.41930657,-0.1897875806
25.39962056,-0.1953564142
25.36024825,-0.2064930459
25.34056195,-0.2120608439
25.32087555,-0.2176282968
25.30118906,-0.2231954046
25.26179407,-0.2343427726
25.2421062,-0.2399049368
25.22241823,-0.2454667523
25.18304197,-0.25658934
25.16335369,-0.2621501134
25.14366531,-0.2677105404
25.10408754,-0.2787703923
25.08422598,-0.2837755356
25.06417308,-0.2884425957
25.02430079,-0.2977784853
25.00437919,-0.3024358807
24.9844575,-0.3070928968
24.94461385,-0.316405793
24.9246919,-0.3210616737
24.90476985,-0.3257171763
24.88484771,-0.3303723009
24.84500317,-0.3396814166
24.82508077,-0.3443354078
24.80515827,-0.3489890213
24.76530769,-0.358310434
24.74538087,-0.3629934189
24.72545617,-0.3676392761
24.68560738,-0.3769301203
24.66568284,-0.3815749739
24.64575822,-0.3862194488
24.6059087,-0.3955072632
24.58598381,-0.4001506029
24.56605883,-0.4047935644
24.54613376,-0.4094361477
24.50628336,-0.41872018
24.48635289,-0.4233774574
24.46642557,-0.4280498388
24.4265693,-0.4373186137
24.4066422,-0.4419524576
24.38671501,-0.4465859222
24.34686036,-0.4558517141
24.32693291,-0.4604840417
24.30700536,-0.4651159906
24.26715,-0.4743787526
24.24722219,-0.4790095658
24.22729429,-0.4836400005
24.18743119,-0.4929310563
24.16749981,-0.4975715397
24.14757015,-0.5021943597
24.1276404,-0.5068167986
24.08778063,-0.5160605371
24.06785061,-0.5206818371
24.02799031,-0.5299232995
24.00806002,-0.5345434621
23.98812965,-0.5391632457
23.96819918,-0.5437826503
23.92833799,-0.5530203228
23.90840051,-0.557668624
23.86852524,-0.5669066917
23.8485934,-0.5715193628
23.82866129,-0.5761315737
23.80872909,-0.5807434027
23.7688644,-0.5899659172
23.74893193,-0.5945766037
23.7090667,-0.6037968366
23.68913396,-0.6084063834
23.66920112,-0.6130155507
23.62933519,-0.6222327468
23.60940209,-0.6268407758
23.58946891,-0.6314484254
23.5495964,-0.6406780695
23.52965544,-0.6453042404
23.50970831,-0.649914027
23.46983903,-0.6591167686
23.44990426,-0.6637175659
23.42996941,-0.6683179827
23.41003446,-0.6729180193
23.37016431,-0.6821169525
23.3502291,-0.6867158492
23.31035842,-0.6959125035
23.29042294,-0.7005102612
23.27048738,-0.7051076391
23.23061133,-0.7143281091
23.21067472,-0.7189205973
23.19073795,-0.7235127226
23.15086415,-0.7326958318
23.13092711,-0.7372868159
23.11098999,-0.7418774199
23.09105278,-0.7464676439
23.05117809,-0.7556469518
23.03124062,-0.7602360358
22.99135826,-0.7694373976
22.97141935,-0.7740214634
22.95148066,-0.7786052128
22.91160301,-0.787771566
22.89166404,-0.7923541706
22.87172499,-0.7969363943
22.83184662,-0.8060996996
22.81190731,-0.8106807814
22.7919679,-0.8152614828
22.75208883,-0.8244217445
22.73214916,-0.829001305
22.69226451,-0.8381882085
22.67230544,-0.8427612232
22.65234948,-0.8473518714
22.63523778,-0.8494076272
22.63513386,-0.8494281962
22.63513388,-0.849428195
22.63513391,-0.8494281937
22.63513392,-0.8494281936
22.63513393,-0.8494281936
22.63513394,-0.8494281941
22.63513394,-0.8494281944
22.63513395,-0.8494281949
22.63513395,-0.8494281959
22.63513395,-0.8494281964
22.63513395,-0.849428197
22.63513396,-0.8494281982
22.63513396,-0.8494281988
22.63513396,-0.8494282
22.63513396,-0.8494282006
22.63511763,-0.8494481192
22.63510811,-0.8494529103
22.63510815,-0.8494529079
22.63510816,-0.8494529074
22.63510818,-0.8494529071
22.63510819,-0.8494529072
22.62307368,-0.8527577758
22.5836716,-0.8623293863
22.56379072,-0.8671574329
22.54390975,-0.871985107
22.50414753,-0.8816393388
22.48426629,-0.8864658967
22.44450352,-0.896117897
22.424622,-0.9009433396
22.40474039,-0.9057684104
22.36497107,-0.9154323565
22.34507396,-0.9202703575
22.32519038,-0.9250881248
22.28542335,-0.9347224163
22.2655397,-0.9395390004
22.24565594,-0.9443552108
22.20588816,-0.9539865121
22.18600414,-0.9588016036
22.14623581,-0.9684306691
22.12635151,-0.9732446433
22.10646711,-0.9780582453
22.08658263,-0.9828714751
22.04681339,-0.9924968183
22.00702818,-1.002151496
21.98713602,-1.006957155
21.96724961,-1.011762317
21.92747649,-1.021371515
21.90758979,-1.026175552
21.887703,-1.030979215
21.84792914,-1.040585422
21.82804208,-1.045387966
21.80815492,-1.050190137
21.76838033,-1.05979336
21.7484929,-1.064594413
21.70871777,-1.074195401
21.68882963,-1.078994417
21.66893659,-1.083824253
21.62915465,-1.093455556
21.60926498,-1.098247283
21.56948535,-1.107829614
21.5495954,-1.11262022
21.52970536,-1.117410451
21.48992501,-1.126989795
21.4700347,-1.131778907
21.4501443,-1.136567646
21.41036322,-1.146144005
21.39047102,-1.150930802
21.37057405,-1.155744029
21.33079037,-1.165312555
21.31089853,-1.170095242
21.27111455,-1.179659492
21.25122242,-1.184441055
21.23133021,-1.189222245
21.2114379,-1.19400306
21.17165301,-1.203563571
21.15176043,-1.208343266
21.111975,-1.217901537
21.09208215,-1.222680112
21.07218766,-1.227461533
21.03239643,-1.237037657
21.01250237,-1.241811168
20.97271398,-1.251357064
20.95281965,-1.256129451
20.93292522,-1.260901463
20.91303071,-1.265673102
20.8732414,-1.275215258
20.85334662,-1.279985775
20.81355678,-1.289525689
20.79366171,-1.294294048
20.773761,-1.299094246
20.73396728,-1.308619029
20.71407098,-1.313383155
20.67427809,-1.322910281
20.65438151,-1.327673282
20.63448483,-1.332435907
20.59469121,-1.341960035
20.57479426,-1.346721537
20.55489722,-1.351482666
20.51510288,-1.3610038
20.49520557,-1.365763806
20.47530817,-1.370523438
20.43549808,-1.380057378
20.41558665,-1.384812993
20.37578773,-1.394314842
20.35588813,-1.399065201
20.33598844,-1.403815183
20.29618877,-1.41331402
20.2762888,-1.418062875
20.25638874,-1.422811356
20.21658834,-1.432307192
20.19668801,-1.437054549
20.15685916,-1.446446003
20.13682683,-1.450635207
20.11670591,-1.454368673
20.0760857,-1.460579588
20.05583328,-1.463504814
20.01533473,-1.469353239
19.99508536,-1.472276797
19.97483592,-1.475199918
19.93433685,-1.481044853
19.9140445,-1.483837624
19.87326787,-1.488188062
19.85290945,-1.490220181
19.83255098,-1.492251826
19.79183387,-1.496313708
19.77147522,-1.498343949
19.73075778,-1.502403032
19.71039898,-1.504431877
19.69004013,-1.506460257
19.6493223,-1.510515624
19.62896331,-1.512542613
19.58824518,-1.516595198
19.56788605,-1.518620796
19.54752687,-1.52064593
19.50680838,-1.524694808
19.48642049,-1.526726441
19.46605023,-1.528750329
19.42533018,-1.532783411
19.40497009,-1.534799255
19.38460994,-1.536814634
19.34360331,-1.540156962
19.32305701,-1.541312417
19.28220222,-1.54361791
19.26177475,-1.544769913
19.24134725,-1.545921421
19.20049214,-1.548222962
19.18006453,-1.549372996
19.13920922,-1.551671593
19.11878152,-1.552820157
19.09835379,-1.553968232
19.05749824,-1.556262913
19.03707043,-1.557409519
18.99621471,-1.559701266
18.97578681,-1.560846405
18.95535888,-1.561991056
18.914455,-1.564282481
18.89401753,-1.565413184
18.87358915,-1.566549854
18.83273233,-1.568821725
18.81230387,-1.569956926
18.79187539,-1.571091637
18.75101834,-1.573359592
18.71016117,-1.575625589
18.68973255,-1.576757853
18.66927283,-1.57790345
18.6283774,-1.580180282
18.60794836,-1.581304774
18.56709019,-1.583552285
18.54666106,-1.584675304
18.5262319,-1.585797834
18.48537349,-1.588041422
18.46494425,-1.589162482
18.42408568,-1.591403131
18.40365635,-1.592522722
18.383227,-1.593641822
18.34230781,-1.595892198
18.3218651,-1.59700599
18.30143366,-1.598112839
18.26057353,-1.600324598
18.24014342,-1.60142974
18.19928311,-1.603638552
18.17885292,-1.604742222
18.13799245,-1.606948091
18.11756217,-1.60805029
18.09713187,-1.609151999
18.05627118,-1.611353945
18.03583257,-1.612456611
17.99492737,-1.614649327
17.9744966,-1.615742198
17.95406579,-1.616834578
17.9132041,-1.619017866
17.89277322,-1.620108773
17.85191136,-1.622289115
17.8314804,-1.623378551
17.79061838,-1.62555595
17.77018194,-1.626648125
17.72929571,-1.628825385
17.70886435,-1.629907194
17.68843297,-1.63098851
17.6475701,-1.633149666
17.62713863,-1.634229507
17.58627559,-1.636387715
17.56584404,-1.637466082
17.52498084,-1.639621343
17.50454921,-1.640698237
17.48411754,-1.641774641
17.44322533,-1.643941005
17.42279268,-1.645011235
17.38192865,-1.647150122
17.36149658,-1.648218827
17.34106449,-1.649287041
17.30020023,-1.651421992
17.27976806,-1.65248873
17.23890364,-1.654620733
17.21847139,-1.655685997
17.19803911,-1.65675077
17.15715706,-1.658889343
17.13668911,-1.659957618
17.09582315,-1.662068748
17.07539036,-1.663123561
17.0345247,-1.665231711
17.01409183,-1.666285049
16.973226,-1.668390248
16.95279305,-1.66944211
16.93236008,-1.670493481
16.89147079,-1.672610808
16.8710134,-1.673663408
16.83014654,-1.675748464
16.80971307,-1.676790253
16.78927958,-1.67783155
16.74794509,-1.67940601
16.72745825,-1.680006477
16.68655559,-1.681209016
16.66610424,-1.681809528
16.62520147,-1.683009038
16.60475007,-1.683608036
16.56384721,-1.68480452
16.54339576,-1.685402006
16.52294429,-1.685998988
16.48204131,-1.687191439
16.46157304,-1.68779443
16.42066812,-1.688977867
16.4002165,-1.689568927
16.37976485,-1.690159481
16.3388615,-1.691339074
16.31833192,-1.691745248
16.27726433,-1.691982068
16.25680433,-1.692098991
16.21588429,-1.692331281
16.19542426,-1.69244665
16.15450418,-1.692675834
16.13404414,-1.69278965
16.11358409,-1.692902949
16.07266397,-1.693127997
16.05220391,-1.693239746
16.01128378,-1.693461692
15.9908237,-1.69357189
15.9703445,-1.693688733
15.92940323,-1.693903963
15.90894314,-1.694007785
15.86802293,-1.694213875
15.84756281,-1.694316144
15.80664258,-1.69451913
15.78618245,-1.694619847
15.7452622,-1.69481973
15.72480207,-1.694918896
15.68386636,-1.695123605
15.66337475,-1.695228612
15.64291278,-1.695319632
15.60199245,-1.695500136
15.58153228,-1.69558961
15.54061192,-1.695767005
15.52015173,-1.695854926
15.49969154,-1.695942329
15.45877115,-1.696115583
15.43831096,-1.696201433
15.39739055,-1.696371582
15.37690957,-1.696463145
15.33593547,-1.696640327
15.31547523,-1.696714512
15.27455475,-1.696861324
15.2540945,-1.696933952
15.23363425,-1.697006061
15.19271374,-1.697148726
15.17225348,-1.697219281
15.13133295,-1.697358838
15.11087268,-1.697427839
15.06995214,-1.697564288
15.0494695,-1.697638649
15.00851703,-1.697778472
14.98805675,-1.697838831
14.94713616,-1.697957992
14.92667587,-1.698016795
14.88575526,-1.698132844
14.86529495,-1.69819009
14.84483464,-1.698246819
14.80391402,-1.698358721
14.76299338,-1.69846855
14.7425115,-1.698531121
14.72203754,-1.698586339
14.68111687,-1.698683914
14.66065654,-1.698731923
14.61973588,-1.698826384
14.59927554,-1.698872836
14.55835485,-1.698964185
14.53789451,-1.699009082
14.51743416,-1.69905346
14.47650897,-1.699143317
14.45601475,-1.699197709
14.41509333,-1.699273673
14.39463298,-1.699310869
14.35371226,-1.699383702
14.3332519,-1.69941934
14.29233116,-1.699489058
14.27187079,-1.699523139
14.23095005,-1.699589744
14.21048968,-1.699622268
14.16955318,-1.699694641
14.14904863,-1.69972299
14.12855233,-1.699737705
14.08761735,-1.699779848
14.06715697,-1.699799108
14.02623619,-1.699836069
14.0057758,-1.699853769
13.96471467,-1.699746082
13.94425716,-1.699167607
13.90314138,-1.697403651
13.88270025,-1.696523718
13.84181793,-1.694765338
13.82137673,-1.693886892
13.78049427,-1.692131487
13.760053,-1.691254528
13.7191704,-1.689502099
13.69872906,-1.68862663
13.65784633,-1.686877179
13.63740493,-1.686003198
13.59649368,-1.684243575
13.5760401,-1.683335938
13.55559152,-1.682469326
13.51470797,-1.680739475
13.47382432,-1.679011609
13.45338247,-1.678148421
13.43294059,-1.677285729
13.39205676,-1.675561835
13.37161481,-1.674700633
13.33073086,-1.672979719
13.31028885,-1.672120008
13.26936642,-1.670344575
13.24889496,-1.669492345
13.208009,-1.667796613
13.18756647,-1.666949522
13.14668135,-1.66525683
13.12623875,-1.664411229
13.08535349,-1.662721518
13.06491082,-1.661877408
13.02402543,-1.66019068
13.0035827,-1.659348061
12.96269719,-1.657664316
12.94224357,-1.656811124
12.90135631,-1.655134657
12.88091339,-1.654297219
12.84002746,-1.652623833
12.81958446,-1.651787886
12.79914144,-1.650952435
12.75825533,-1.649283026
12.73781225,-1.648449068
12.69692602,-1.646782643
12.67648287,-1.645950177
12.63559651,-1.644286737
12.61514095,-1.643444542
12.57425431,-1.641788484
12.55381096,-1.640961201
12.5129242,-1.639308126
12.49248078,-1.638482334
12.45159389,-1.636832242
12.43115041,-1.636007943
12.39026339,-1.634360838
12.36981984,-1.633538031
12.3289327,-1.631893912
12.30848225,-1.631068448
12.26758931,-1.629423365
12.24714558,-1.628605744
12.20625803,-1.626971995
12.18581423,-1.626155867
12.14492655,-1.624525103
12.12448268,-1.623710468
12.08359488,-1.622082691
12.06315094,-1.62126955
12.02226302,-1.619644761
12.00181903,-1.618833114
11.96091849,-1.61720189
11.94047437,-1.616393937
11.92003022,-1.615586482
11.87914186,-1.613973063
11.83825341,-1.612361635
11.81780916,-1.611556669
11.77692058,-1.609948229
11.75647626,-1.609144757
11.71558757,-1.607539308
11.69514319,-1.606737331
11.65424191,-1.605124126
11.6337974,-1.604325844
11.59290832,-1.602730774
11.57246375,-1.601933986
11.53157454,-1.600341903
11.5111299,-1.599546609
11.47024056,-1.597957516
11.42935115,-1.596370417
11.40890641,-1.595577615
11.36801687,-1.593993508
11.34756078,-1.593190215
11.30666984,-1.591613421
11.28622491,-1.590825811
11.24533499,-1.589252085
11.22489,-1.58846597
11.18399994,-1.586895234
11.16355489,-1.586110614
11.12266472,-1.584542871
11.1022196,-1.583759748
11.06132931,-1.582194997
11.04088414,-1.581413371
10.99998118,-1.579842627
10.97953588,-1.579064698
10.93864521,-1.577510334
10.91819984,-1.576733899
10.87730905,-1.575182527
10.85686362,-1.574407589
10.81597271,-1.57285921
10.77508171,-1.571312828
10.75463619,-1.570540385
10.71373821,-1.568992846
10.69328695,-1.568215743
10.6523956,-1.566679753
10.63194989,-1.565912506
10.5910584,-1.564379508
10.57061262,-1.563613757
10.52972101,-1.562083753
10.50927517,-1.561319499
10.46838345,-1.559792491
10.44793755,-1.559029736
10.40704571,-1.557505724
10.38658741,-1.556732845
10.34569516,-1.555216224
10.32524908,-1.554458667
10.28435687,-1.552945049
10.26391073,-1.552188989
10.22301839,-1.550678366
10.18212597,-1.549169741
10.16167973,-1.548416178
10.1207872,-1.546910551
10.10034091,-1.546158488
10.0594357,-1.544645107
10.03898929,-1.543896745
9.998096404,-1.542401518
9.977649927,-1.541654653
9.936756911,-1.540162422
9.916310373,-1.539417055
9.875417239,-1.537927822
9.854970643,-1.537183955
9.814077395,-1.535697721
9.773184073,-1.534213486
9.752726019,-1.533460122
9.711831285,-1.531983216
9.691384477,-1.531245551
9.650490794,-1.529771719
9.630043922,-1.529035553
9.589150118,-1.527564719
9.568703187,-1.526830052
9.527809269,-1.525362219
9.507362282,-1.524629053
9.466468254,-1.523164221
9.446021212,-1.522432555
9.405126061,-1.520971368
9.364231854,-1.519511799
9.343784721,-1.518782765
9.302890397,-1.517326196
9.282443208,-1.516598663
9.241548774,-1.515145096
9.221101529,-1.514419064
9.180205972,-1.512968963
9.159758673,-1.512244562
9.118864026,-1.510797261
9.098416674,-1.510074361
9.057521911,-1.508630062
9.037074502,-1.507908663
8.996179629,-1.506467366
8.955284684,-1.505028072
8.934836396,-1.504309613
8.89394112,-1.502873561
8.873493569,-1.502156296
8.832598408,-1.500723269
8.8121508,-1.500007506
8.771255528,-1.498577483
8.750807865,-1.497863222
8.709912485,-1.496436202
8.689464768,-1.495723443
8.648568269,-1.494300056
8.607672715,-1.492878304
8.587116759,-1.492008183
8.546308787,-1.488881462
8.525968688,-1.486625245
8.485468472,-1.480732868
8.465329162,-1.477099724
8.425323868,-1.468468824
8.40547844,-1.463475488
8.366153007,-1.452145828
8.346693213,-1.445815308
8.308227027,-1.431839833
8.289270444,-1.424361885
8.251199359,-1.409315223
8.21312437,-1.394313708
8.194089286,-1.386817331
8.156018795,-1.371825394
8.136983387,-1.364329835
8.098912249,-1.349339534
8.079876519,-1.341844793
8.041804735,-1.326856128
8.022761386,-1.319360079
7.984688507,-1.304368125
7.965651776,-1.296875957
7.927577983,-1.28189244
7.908540922,-1.274401091
7.870466474,-1.259419211
7.832391593,-1.244438424
7.813353991,-1.236948439
7.775278462,-1.221969289
7.756240536,-1.214480123
7.718164362,-1.199502611
7.699126113,-1.192014264
7.66104214,-1.177029967
7.642003138,-1.169543344
7.603924962,-1.154570982
7.584885709,-1.147085211
7.546844869,-1.131353856
7.528214171,-1.122890171
7.491552635,-1.104706553
7.455753594,-1.08487938
7.438200603,-1.074362044
7.403832837,-1.052146853
7.38703575,-1.040460398
7.354258399,-1.015959759
7.33829501,-1.003158153
7.307259908,-0.9764852273
7.277466731,-0.9484319771
7.263055155,-0.9339056323
7.23523916,-0.9038908141
7.221849082,-0.8884177638
7.196139284,-0.8565801377
7.183832825,-0.8402319274
7.160348537,-0.8067187331
7.149182828,-0.789570982
7.128033101,-0.7545372637
7.108495035,-0.7185795315
7.099343125,-0.7002772128
7.082298764,-0.6630942784
7.074416111,-0.6442102634
7.059946825,-0.6059294607
7.053367684,-0.5865523897
7.041537445,-0.5473748033
7.036292483,-0.5275944686
7.027156483,-0.4877016636
7.019841156,-0.4474346145
7.016871155,-0.4271866594
7.012322924,-0.3865984176
7.010734731,-0.3661768235
7.00895447,-0.325286032
7.008759794,-0.3048211681
7.009761865,-0.2639050287
7.012616466,-0.2230735662
7.014737086,-0.202718827
7.020359421,-0.1621801397
7.02385826,-0.1420170166
7.032221321,-0.101952726
7.037082254,-0.08207344532
7.048148984,-0.04267317975
7.054349373,-0.02317151248
7.068068314,0.01538477334
7.083520994,0.05327905975
7.091887723,0.07195354369
7.109880509,0.1087091808
7.119497339,0.1267714292
7.13994721,0.1622183324
7.150769759,0.1795847493
7.173582323,0.2135588336
7.185560629,0.2301490143
7.210630549,0.2624929525
7.223709293,0.2782300553
7.250920771,0.3087940063
7.265039531,0.3236051092
7.294266831,0.3522474139
7.324763512,0.3795342614
7.340468382,0.3926516931
7.372750823,0.4178007497
7.3893118,0.4298194002
7.423230693,0.4527139374
7.440571167,0.4635780052
7.475969578,0.4841116907
7.512263708,0.5030177629
7.530723394,0.5118480974
7.568157089,0.528206157
7.587173719,0.5357635298
7.625697438,0.5495736284
7.664808834,0.5616207238
7.684559776,0.5669751945
7.724440987,0.5763467093
7.744499261,0.5803672023
7.784882023,0.5870160153
7.80517746,0.5896512907
7.845922838,0.5935388305
7.886801737,0.5955760949
7.90726503,0.595899413
7.948198138,0.5951566709
7.968635592,0.5940895924
8.009411208,0.5905674232
8.029728425,0.5881141323
8.070169502,0.5818294109
8.090272587,0.5780011962
8.130195393,0.5689837872
8.169664802,0.5581658793
8.189205247,0.5520886665
8.227847413,0.5386132912
8.247059755,0.5312922342
8.285317905,0.5167411374
8.304439629,0.5094684865
8.342683409,0.4949240293
8.380927626,0.4803806978
8.400049897,0.4731094541
8.438294764,0.4585678109
8.457417359,0.4512974114
8.495662871,0.4367574565
8.514785788,0.4294879011
8.553031944,0.4149496344
8.591278529,0.4004124934
8.610407448,0.3931344805
8.648658794,0.3786012372
8.667783021,0.3713351511
8.706031804,0.3568038241
8.74428102,0.3422736236
8.76340579,0.3350089457
8.801655653,0.3204804349
8.820780746,0.3132166018
8.859031253,0.2986897806
8.897282189,0.2841640859
8.916407818,0.276901661
8.954675279,0.2623603035
8.973843694,0.2550957283
9.012101343,0.2405867595
9.03123016,0.2333327679
9.069549634,0.2188561779
9.108356024,0.2058668242
9.127971461,0.2000359462
9.167695232,0.1896007002
9.187557862,0.1845422824
9.227221298,0.1744675744
9.266884379,0.164414308
9.286716061,0.1593882216
9.326379704,0.1493371425
9.346211665,0.1443121496
9.385875866,0.1342632576
9.405708105,0.1292393584
9.445372862,0.1191926535
9.48508428,0.1091208982
9.504929821,0.1040909042
9.524765293,0.0990798049
9.564513967,0.08915414963
9.604461832,0.08078373942
9.624620511,0.07727911149
9.665159102,0.07164673128
9.685515042,0.06952124353
9.726370171,0.06665201829
9.761144247,0.06584325806
9.778893906,0.06586648529
9.819813855,0.06595539492
9.84027418,0.06599906993
9.881194851,0.06608485968
9.901655193,0.06612697517
9.94257589,0.06620964855
9.983496598,0.06629024609
10.00395695,0.06632976663
10.04487767,0.0664072515
10.0857984,0.06648266157
10.10626382,0.06652100205
10.14721781,0.06658722409
10.16767816,0.06661878931
10.20859889,0.06668035944
10.24951964,0.06673985103
10.26998001,0.06676881782
10.31090077,0.06682519392
10.35182154,0.06687949376
10.37228192,0.06690586517
10.41320294,0.06695603381
10.4336928,0.06698905978
10.47466126,0.06702636521
10.51558204,0.06706823382
10.53604243,0.06708838828
10.57696321,0.0671271384
10.617884,0.06716381081
10.6383444,0.06718136802
10.67926519,0.06721492463
10.71400006,0.06723206272
10.71677373,0.06723269485