x (m),y (m)
5.10E-07,3.90E-06
5.09E-07,3.90E-06
7.15E-07,4.30E-06
7.02E-07,4.30E-06
6.92E-07,4.31E-06
6.84E-07,4.31E-06
6.78E-07,4.31E-06
6.74E-07,4.31E-06
6.70E-07,4.31E-06
6.67E-07,4.31E-06
6.65E-07,4.31E-06
6.63E-07,4.31E-06
1.78E-05,4.33E-06
0.008298863203,6.94E-06
0.01858497959,3.62E-06
0.02887141969,5.48E-07
0.0391578663,-2.28E-06
0.04944431803,-4.87E-06
0.05973077366,-7.25E-06
0.07001723223,-9.44E-06
0.08030369306,-1.14E-05
0.0905901556,-1.33E-05
0.10086927,-1.50E-05
0.1048936939,-1.51E-05
0.1048987088,-1.51E-05
0.1048987064,-1.51E-05
0.1048987045,-1.51E-05
0.1048987029,-1.51E-05
0.1048987016,-1.51E-05
0.1049158404,-1.50E-05
0.1121042221,-3.25E-06
0.122338551,2.04E-06
0.1326249914,7.56E-06
0.1429114405,1.28E-05
0.1531978932,1.78E-05
0.1634843489,2.26E-05
0.1737708068,2.70E-05
0.1840572664,3.12E-05
0.1943437274,3.52E-05
0.2046301896,3.89E-05
0.2149166526,4.23E-05
0.2252031161,4.55E-05
0.2354895807,4.84E-05
0.245776046,5.10E-05
0.2560687452,5.34E-05
0.2663837667,5.27E-05
0.2767003616,4.33E-05
0.2869979044,5.00E-05
0.2972843556,5.48E-05
0.3075708093,5.93E-05
0.3178572658,6.36E-05
0.3281437244,6.76E-05
0.3384301848,7.13E-05
0.3487166464,7.48E-05
0.3590031089,7.80E-05
0.3692895727,8.09E-05
0.3795760373,8.37E-05
0.3898625027,8.62E-05
0.4001489685,8.84E-05
0.4104356704,8.98E-05
0.4207409783,9.72E-05
0.431052564,9.42E-05
0.4413635207,9.77E-05
0.4516499996,9.93E-05
0.4619364529,0.0001007056229
0.4722229099,0.0001020143956
0.4825093696,0.0001032154174
0.4927958313,0.0001043176423
0.5030822947,0.0001053292592
0.5133687592,0.000106257763
0.5236552247,0.0001071100166
0.5339416908,0.0001078923074
0.5442281574,0.0001086103977
0.5545146244,0.0001092695702
0.5648010917,0.0001098746691
0.5750875592,0.0001104301376
0.5853740269,0.0001109400515
0.5956604947,0.0001114081504
0.6059469626,0.0001118378657
0.6162334306,0.0001122323461
0.6265198987,0.0001125944817
0.6368063667,0.0001129269246
0.6470928349,0.0001132321094
0.657379303,0.0001135122706
0.6676657712,0.0001137694595
0.6779522394,0.0001140055587
0.6882387075,0.0001142222968
0.6985251757,0.0001144212605
0.708811644,0.0001146039063
0.7190981122,0.0001147715713
0.7293845804,0.0001149254831
0.7396710486,0.0001150667686
0.7499584398,0.0001156358277
0.7602448984,0.0001157938414
0.7705313593,0.0001159384328
0.780817822,0.0001160708158
0.7911042861,0.0001161920764
0.8013907512,0.0001163031905
0.8116772171,0.0001164050379
0.8219636835,0.0001164984143
0.8322501504,0.0001165840413
0.8425366177,0.0001166625743
0.8528230851,0.0001167346101
0.8631095528,0.0001168006928
0.8733960206,0.0001168613187
0.8836824885,0.0001169169416
0.8939689565,0.0001169679763
0.9042554245,0.0001170148025
0.9145418926,0.0001170577678
0.9248283608,0.0001170971906
0.9351148289,0.0001171333627
0.9454012971,0.0001171665518
0.9556877653,0.0001171970029
0.965975159,0.0001176545961
0.9762616191,0.0001177197488
0.9865480794,0.0001177790515
0.9968345417,0.0001178331074
1.007121005,0.0001178824386
1.017411073,0.0001158219366
1.027834379,0.0002127770015
1.03812086,0.0005419607738
1.048397019,0.001104803177
1.058657568,0.001901012661
1.068897212,0.002930177071
1.079110665,0.004191764344
1.089292653,0.005685122763
1.099437922,0.007409481284
1.109541235,0.009363949919
1.119597375,0.01154752018
1.129601152,0.01395906559
1.139547401,0.01659734225
1.149430987,0.01946098943
1.159246806,0.02254853032
1.168989789,0.02585837273
1.178654907,0.02938880987
1.188237166,0.03313802128
1.197731617,0.03710407367
1.207133357,0.04128492198
1.216437528,0.04567841032
1.225639323,0.05028227313
1.234733988,0.05509413629
1.243716822,0.06011151835
1.252583184,0.06533183175
1.261328489,0.07075238415
1.269948217,0.07637037978
1.278437912,0.08218292087
1.286793182,0.08818700913
1.295009707,0.09437954723
1.30307826,0.1007641969
1.311080303,0.107331659
1.319063305,0.113839723
1.327032693,0.1203405196
1.334998201,0.1268438927
1.342963736,0.1333472389
1.350929299,0.139850558
1.358894888,0.1463538497
1.366860502,0.1528571136
1.374826142,0.1593603495
1.382791807,0.1658635574
1.390757497,0.172366737
1.398723211,0.1788698882
1.406688949,0.185373011
1.414654712,0.1918761052
1.422620499,0.1983791708
1.430586309,0.2048822078
1.438552144,0.2113852161
1.446518002,0.2178881956
1.454483884,0.2243911464
1.46244979,0.2308940684
1.470415719,0.2373969617
1.478381673,0.2438998261
1.486347649,0.2504026617
1.49431365,0.2569054685
1.502279674,0.2634082464
1.510245722,0.2699109955
1.518211793,0.2764137157
1.526184315,0.2829209839
1.534151289,0.2894198796
1.542117294,0.2959226511
1.550083326,0.3024253956
1.558049384,0.3089281126
1.566015468,0.3154308018
1.573981577,0.3219334631
1.581947711,0.3284360962
1.58991387,0.3349387011
1.597880053,0.3414412776
1.605846261,0.3479438255
1.613812493,0.354446345
1.621778749,0.3609488357
1.629745029,0.3674512979
1.637711333,0.3739537313
1.64567766,0.3804561359
1.653644012,0.3869585118
1.661610387,0.3934608589
1.669576786,0.3999631772
1.677543209,0.4064654666
1.685509655,0.4129677272
1.693476125,0.419469959
1.701442619,0.4259721618
1.709409136,0.4324743359
1.717375677,0.438976481
1.725347044,0.4454818378
1.733316116,0.4519814968
1.74128259,0.4584836931
1.749249091,0.4649858624
1.757215619,0.4714880041
1.765182172,0.4779901181
1.773148751,0.4844922041
1.781115355,0.490994262
1.789081983,0.4974962916
1.797048636,0.5039982927
1.805015314,0.5105002653
1.812982015,0.5170022094
1.820948741,0.5235041248
1.828915491,0.5300060115
1.836882264,0.5365078695
1.844849062,0.5430096987
1.852815883,0.5495114991
1.860782728,0.5560132707
1.868749597,0.5625150134
1.87671649,0.5690167273
1.884683406,0.5755184123
1.892650346,0.5820200685
1.900617309,0.5885216957
1.908584296,0.5950232941
1.916551307,0.6015248636
1.924523144,0.6080296464
1.932492688,0.6145287315
1.940459632,0.6210303521
1.948426603,0.6275319456
1.956393601,0.6340335116
1.964360624,0.6405350498
1.972327673,0.64703656
1.980294747,0.653538042
1.988261846,0.6600394957
1.996228969,0.666540921
2.004196116,0.6730423177
2.012163288,0.6795436858
2.020130484,0.6860450253
2.028097704,0.692546336
2.036064947,0.699047618
2.044032215,0.7055488711
2.051999507,0.7120500955
2.059966822,0.718551291
2.067934161,0.7250524577
2.075901524,0.7315535955
2.08386891,0.7380547044
2.09183632,0.7445557844
2.099803754,0.7510568355
2.107771211,0.7575578576
2.115738692,0.7640588509
2.123711,0.7705630594
2.131681016,0.7770615701
2.13964843,0.7835626144
2.147615872,0.7900636316
2.15558334,0.7965646213
2.163550834,0.8030655831
2.171518353,0.8095665169
2.179485897,0.8160674225
2.187453466,0.8225682998
2.19542106,0.8290691486
2.203388678,0.8355699689
2.21135632,0.8420707605
2.219323987,0.8485715234
2.227291677,0.8550722576
2.235259391,0.861572963
2.243227129,0.8680736396
2.251194891,0.8745742874
2.259162677,0.8810749063
2.267130487,0.8875754963
2.27509832,0.8940760574
2.283066177,0.9005765896
2.291034058,0.9070770929
2.299001963,0.9135775672
2.306969891,0.9200780127
2.314937843,0.9265784291
2.322910621,0.9330820629
2.330881109,0.9395799986
2.338848994,0.946080466
2.346816907,0.9525809063
2.354784846,0.9590813191
2.36275281,0.965581704
2.3707208,0.9720820609
2.378688815,0.9785823895
2.386656855,0.9850826898
2.39462492,0.9915829616
2.402593009,0.9980832048
2.410561122,1.004583419
2.418529259,1.011083605
2.42649742,1.017583762
2.434465606,1.024083891
2.442433815,1.03058399
2.450402048,1.037084061
2.458370305,1.043584102
2.466338585,1.050084115
2.47430689,1.056584099
2.482275218,1.063084054
2.49024357,1.06958398
2.498211945,1.076083877
2.506180344,1.082583745
2.514148767,1.089083584
2.522122016,1.095586643
2.530097231,1.102094321
2.538075984,1.108594353
2.54606511,1.115081765
2.554039306,1.121580873
2.562013345,1.128076579
2.569982609,1.134575352
2.577951901,1.141074099
2.58592122,1.147572818
2.593890564,1.154071509
2.601859934,1.160570173
2.60982933,1.167068808
2.61779875,1.173567415
2.625768196,1.180065993
2.633737666,1.186564543
2.64170716,1.193063064
2.649676678,1.199561556
2.657646221,1.20606002
2.665615787,1.212558454
2.673585378,1.21905686
2.681554993,1.225555237
2.689524631,1.232053585
2.697494293,1.238551904
2.705463979,1.245050194
2.713433689,1.251548455
2.721403423,1.258046687
2.72937318,1.26454489
2.737342961,1.271043064
2.745312766,1.277541209
2.753284348,1.284039735
2.761263935,1.290540342
2.769239486,1.297047343
2.777221503,1.303541989
2.785201935,1.310036671
2.793197784,1.316519575
2.801180632,1.323044466
2.809159821,1.3295412
2.81715241,1.336026839
2.825131415,1.342519979
2.833102888,1.349016251
2.841074223,1.355512483
2.849045586,1.362008688
2.857016977,1.368504866
2.864988393,1.375001015
2.872959835,1.381497137
2.880931303,1.387993231
2.888902796,1.394489295
2.896874313,1.400985332
2.904845856,1.40748134
2.912817422,1.413977319
2.920789013,1.420473269
2.928760629,1.42696919
2.936732268,1.433465082
2.944703932,1.439960945
2.952675619,1.44645678
2.96064733,1.452952585
2.968619066,1.459448361
2.976590825,1.465944108
2.984562608,1.472439826
2.992534415,1.478935515
3.000506246,1.485431175
3.0084781,1.491926806
3.016449978,1.498422408
3.024423506,1.504918278
3.03240019,1.511412318
3.040377751,1.51790866
3.048349559,1.524404571
3.05632126,1.530900357
3.064289275,1.537405221
3.072387259,1.543923726
3.080554105,1.550194507
3.088855072,1.556273385
3.097292252,1.562161828
3.105861284,1.567856782
3.114557743,1.573355291
3.123377133,1.578654501
3.132314897,1.583751661
3.141366415,1.588644124
3.150527008,1.593329347
3.15979194,1.597804895
3.169156421,1.602068441
3.178615608,1.606117768
3.18816461,1.609950767
3.197798489,1.613565444
3.207512259,1.616959915
3.217300897,1.62013241
3.227159337,1.623081275
3.237082704,1.625805069
3.247069049,1.628303393
3.257109474,1.630574172
3.267198683,1.632616219
3.277331469,1.634428485
3.287502603,1.63601004
3.297706838,1.637360072
3.307938908,1.63847789
3.318193534,1.63936292
3.328465425,1.640014709
3.33874928,1.640432925
3.349039793,1.640617354
3.359331654,1.640567905
3.369619552,1.640284605
3.379898179,1.639767602
3.390162231,1.639017164
3.400406411,1.638033681
3.410625431,1.636817661
3.420814018,1.635369733
3.430966914,1.633690643
3.441078878,1.631781259
3.45114469,1.629642566
3.461159154,1.627275668
3.471117101,1.624681785
3.48101339,1.621862255
3.49084291,1.618818532
3.500600587,1.615552187
3.510281381,1.612064902
3.519880293,1.608358478
3.529392366,1.604434824
3.538812685,1.600295964
3.548136385,1.595944032
3.557358649,1.591381273
3.566474711,1.586610038
3.57547986,1.58163279
3.584369443,1.576452094
3.593138865,1.571070622
3.601783591,1.565491151
3.610299153,1.559716558
3.618681148,1.553749821
3.62692524,1.547594018
3.63502222,1.541245434
3.643101607,1.534675738
3.651121413,1.528190545
3.659116932,1.521705982
3.667105925,1.515223267
3.675100132,1.508744511
3.683117169,1.502278269
3.691109912,1.495804683
3.699101982,1.489333964
3.707094078,1.482863273
3.715086201,1.47639261
3.72307835,1.469921975
3.731070525,1.463451369
3.739062725,1.456980791
3.74705495,1.450510243
3.7550472,1.444039725
3.763039476,1.437569235
3.771031776,1.431098776
3.779024101,1.424628346
3.78701645,1.418157946
3.795008824,1.411687576
3.803001223,1.405217235
3.810993647,1.398746925
3.818986094,1.392276645
3.826978567,1.385806394
3.834971063,1.379336174
3.842963585,1.372865984
3.85095613,1.366395824
3.8589487,1.359925693
3.866941295,1.353455593
3.874933914,1.346985524
3.882926557,1.340515484
3.890919225,1.334045474
3.898911917,1.327575494
3.906904634,1.321105545
3.914897375,1.314635626
3.92289014,1.308165736
3.93088293,1.301695877
3.938875745,1.295226048
3.946869094,1.288756249
3.95486197,1.282286511
3.96285487,1.275816803
3.970847797,1.269347123
3.978840748,1.262877473
3.986833725,1.256407852
3.994826727,1.24993826
4.002819754,1.243468698
4.010812805,1.236999166
4.018805881,1.230529663
4.026798982,1.224060191
4.034792108,1.217590748
4.042785258,1.211121335
4.050778432,1.204651953
4.058771631,1.1981826
4.066772925,1.191717896
4.074878061,1.185098417
4.082688132,1.178362856
4.090418288,1.171400141
4.097923145,1.164332464
4.105250701,1.157110054
4.112412058,1.149722817
4.11940351,1.142174566
4.126221434,1.134469197
4.132862298,1.126610689
4.139316206,1.118597292
4.145625427,1.110474409
4.151959646,1.102372952
4.158293391,1.094271879
4.164627101,1.086170773
4.170960777,1.078069635
4.177294417,1.069968466
4.183628023,1.061867266
4.189961593,1.053766037
4.196295128,1.045664777
4.202628628,1.037563489
4.208962093,1.029462171
4.215295522,1.021360825
4.221628916,1.01325945
4.227962275,1.005158047
4.234295598,0.997056616
4.240628886,0.9889551565
4.246962138,0.9808536689
4.253295355,0.9727521533
4.259628536,0.9646506097
4.265961682,0.9565490382
4.272294793,0.9484474389
4.278627868,0.9403458116
4.284969808,0.9322473206
4.29132545,0.924031416
4.297371422,0.9158038735
4.303259079,0.9073715452
4.308999687,0.8987895249
4.314773731,0.8902488272
4.320534943,0.8817205994
4.326291917,0.873199825
4.33204883,0.8646790096
4.337805685,0.8561581502
4.343562482,0.8476372477
4.349328122,0.8391188843
4.3550946,0.8304687696
4.360603497,0.8217756961
4.365911854,0.8129618114
4.371018283,0.8040293434
4.375920132,0.7949829089
4.380614854,0.7858271843
4.385100009,0.7765669031
4.389373266,0.7672068532
4.393432401,0.7577518746
4.397275303,0.7482068572
4.400899969,0.7385767377
4.404304513,0.7288664976
4.407487159,0.7190811604
4.410446247,0.7092257892
4.413180294,0.6993053769
4.415688944,0.6893216784
4.417970117,0.6792835972
4.420022607,0.6691964965
4.421845362,0.6590655812
4.423431149,0.6488942766
4.424854413,0.6385224124
4.426278009,0.6283334181
4.427700904,0.6181469088
4.429123577,0.607960364
4.430546028,0.5977737846
4.431968258,0.5875871715
4.433390266,0.5774005254
4.434812053,0.5672138467
4.436233619,0.5570271358
4.437654964,0.5468403931
4.439076088,0.5366536187
4.440496991,0.5264668128
4.441917672,0.5162799755
4.443349511,0.5060815094
4.444782816,0.4958767382
4.446202068,0.4856896324
4.447619239,0.4755023319
4.449036188,0.4653149932
4.450452915,0.4551276181
4.451869421,0.4449402079
4.453290682,0.4347523208
4.454679622,0.4244196698
4.455801381,0.4141876854
4.456690332,0.4039334168
4.457346048,0.3936617892
4.457768194,0.383378104
4.457956555,0.3730876686
4.457908862,0.3627920527
4.457722306,0.3523462366
4.457537383,0.3420616018
4.457352716,0.3317769737
4.457168305,0.3214923314
4.45698415,0.3112076771
4.456800251,0.3009230127
4.456616609,0.2906383394
4.456433224,0.2803536583
4.456250095,0.2700689702
4.456067223,0.2597842756
4.455884608,0.2494995749
4.455702251,0.2392148685
4.45552015,0.2289301566
4.455338306,0.2186454394
4.45515672,0.2083607171
4.454975391,0.1980759897
4.454773261,0.1877708756
4.454603226,0.1774602377
4.454395954,0.167146737
4.454218819,0.1568261143
4.454033041,0.1465161415
4.453838522,0.1362015652
4.453661176,0.1258757198
4.453495787,0.1155847091
4.453328286,0.1052997581
4.453161042,0.09501479749
4.452994055,0.08472982823
4.452827325,0.07444485136
4.452660853,0.06415986769
4.452494638,0.05387487784
4.45232868,0.04358988226
4.452162979,0.03330488129
4.451997536,0.0230198752
4.451832351,0.01273486418
4.451667423,0.002449848394
4.451502753,-0.007835172051
4.451323808,-0.01813048521
4.451133482,-0.02844206956
4.450964685,-0.03874114004
4.450805262,-0.04902621689
4.450646095,-0.05931130393
4.450487185,-0.06959640142
4.450328532,-0.0798815078
4.450170137,-0.09016662189
4.450011999,-0.1004517428
4.449854119,-0.1107368699
4.449696496,-0.1210220027
4.449539131,-0.1313071407
4.449382023,-0.1415922837
4.449225173,-0.1518774315
4.449068581,-0.1621625839
4.448912247,-0.1724477408
4.448752277,-0.1827381004
4.448567014,-0.1930402777
4.448397618,-0.2033548005
4.448246768,-0.2136400884
4.448096179,-0.2239253225
4.447945847,-0.2342105641
4.447795772,-0.2444958123
4.447645956,-0.2547810664
4.447496397,-0.2650663259
4.447347096,-0.2753515905
4.447198053,-0.2856368599
4.447049268,-0.2959221338
4.44690074,-0.3062074121
4.446752471,-0.3164926947
4.446593422,-0.3267859614
4.446414221,-0.3370855168
4.446269768,-0.3473734638
4.446125538,-0.3576587696
4.445981564,-0.3679440886
4.445837848,-0.3782294185
4.445694389,-0.3885147577
4.445551188,-0.3988001047
4.445408245,-0.4090854586
4.445267746,-0.4193746386
4.44504153,-0.4297549875
4.444579196,-0.440036224
4.443883353,-0.4503041183
4.44295436,-0.4605533891
4.441792699,-0.4707787445
4.44039897,-0.4809749051
4.438773894,-0.4911366072
4.43691831,-0.5012586047
4.434833175,-0.5113356722
4.432519566,-0.5213626073
4.429978676,-0.5313342334
4.427211816,-0.541245402
4.424220413,-0.5510909957
4.421006009,-0.5608659308
4.417570262,-0.5705651593
4.413914945,-0.5801836724
4.410041941,-0.589716502
4.405953248,-0.5991587244
4.401650974,-0.6085054618
4.397137339,-0.6177518854
4.392414668,-0.6268932177
4.387485399,-0.635924735
4.382352072,-0.6448417697
4.377017336,-0.6536397129
4.371483941,-0.6623140167
4.365754743,-0.6708601963
4.359832695,-0.6792738329
4.353720854,-0.6875505751
4.347422372,-0.6956861422
4.340940498,-0.7036763255
4.334278577,-0.7115169909
4.327440047,-0.719204081
4.320428436,-0.7267336173
4.313247364,-0.734101702
4.305900536,-0.7413045201
4.298391746,-0.7483383417
4.290724869,-0.7551995234
4.282903865,-0.7618845107
4.27493277,-0.7683898393
4.266815702,-0.7747121376
4.258556852,-0.7808481279
4.250160487,-0.7867946282
4.241630944,-0.7925485542
4.232972629,-0.7981069203
4.224190015,-0.803466842
4.215287642,-0.8086255365
4.206270111,-0.8135803249
4.197142081,-0.8183286332
4.187908271,-0.8228679936
4.178573456,-0.8271960464
4.169142461,-0.8313105403
4.159620165,-0.8352093344
4.150011491,-0.838890399
4.140321409,-0.8423518166
4.130554933,-0.8455917832
4.120717116,-0.8486086088
4.110813047,-0.851400719
4.100845079,-0.853967566
4.090820466,-0.8563074607
4.080745497,-0.8584189639
4.07062537,-0.8603009914
4.060465307,-0.8619525773
4.050270551,-0.8633728742
4.040046362,-0.8645611534
4.029798016,-0.8655168061
4.019530799,-0.8662393429
4.009250011,-0.8667283944
3.998960956,-0.8669837113
3.988668942,-0.8670051647
3.978379282,-0.866792746
3.968097283,-0.8663465669
3.957828253,-0.8656668594
3.947577491,-0.8647539759
3.937350286,-0.8636083885
3.927151916,-0.8622306893
3.916987646,-0.8606215899
3.906862722,-0.8587819209
3.896782369,-0.8567126318
3.886751791,-0.8544147902
3.876776167,-0.8518895814
3.866860645,-0.8491383079
3.857010346,-0.8461623887
3.847230356,-0.8429633585
3.837525725,-0.8395428669
3.827901465,-0.8359026778
3.818362546,-0.8320446681
3.808913895,-0.8279708273
3.799560394,-0.8236832561
3.790306874,-0.8191841654
3.781158117,-0.8144758752
3.77211885,-0.8095608136
3.763193746,-0.8044415152
3.754387416,-0.7991206203
3.745704413,-0.7936008732
3.737149226,-0.7878851208
3.72872628,-0.7819763114
3.720439929,-0.7758774932
3.71229446,-0.7695918123
3.704294087,-0.7631225118
3.696442948,-0.7564729296
3.688745107,-0.7496464969
3.681204548,-0.7426467365
3.673825174,-0.7354772609
3.666610806,-0.7281417707
3.659565179,-0.7206440523
3.652691944,-0.7129879765
3.645994661,-0.7051774959
3.639476801,-0.6972166435
3.633141741,-0.6891095303
3.626992767,-0.6808603432
3.621033066,-0.6724733431
3.61526573,-0.6639528624
3.609693751,-0.6553033029
3.604320021,-0.6465291338
3.599154517,-0.6376301523
3.594153699,-0.6286429094
3.589124916,-0.6196574728
3.584101868,-0.6106746744
3.579085815,-0.6016931866
3.574069051,-0.5927163674
3.569052378,-0.5837395001
3.564035793,-0.5747625812
3.559019296,-0.5657856112
3.554002888,-0.5568085906
3.548986567,-0.5478315196
3.543970334,-0.5388543985
3.53895419,-0.5298772274
3.533938133,-0.5209000065
3.528922165,-0.5119227359
3.523906285,-0.5029454158
3.518890493,-0.4939680461
3.513874788,-0.4849906269
3.508859172,-0.4760131583
3.503843644,-0.4670356404
3.498820349,-0.4580543579
3.493805148,-0.4490763824
3.48879016,-0.4400985812
3.483775261,-0.4311207266
3.47876045,-0.4221428196
3.473745726,-0.4131648608
3.468731092,-0.4041868507
3.463716545,-0.3952087897
3.458702086,-0.3862306781
3.453687716,-0.3772525163
3.448673434,-0.3682743045
3.44365924,-0.3592960427
3.438645134,-0.3503177312
3.433631116,-0.3413393701
3.428617187,-0.3323609593
3.423603345,-0.3233824991
3.418589592,-0.3144039893
3.413575927,-0.3054254302
3.408561629,-0.2964434518
3.403541023,-0.287464154
3.398527897,-0.2784853121
3.393514861,-0.2695064182
3.388501913,-0.2605274713
3.383489053,-0.2515484724
3.378476282,-0.2425694218
3.373463599,-0.2335903202
3.368451004,-0.2246111679
3.363438497,-0.2156319652
3.358426079,-0.2066527123
3.353413749,-0.1976734094
3.348401507,-0.1886940567
3.343389353,-0.1797146542
3.338377288,-0.1707352021
3.333365311,-0.1617557005
3.328353422,-0.1527761494
3.323341621,-0.1437965488
3.318329908,-0.1348168988
3.313310414,-0.1258334377
3.30829905,-0.1168533698
3.303287878,-0.1078734364
3.298276795,-0.0988934496
3.2932658,-0.08991341033
3.288254893,-0.08093331921
3.283244075,-0.07195317678
3.278233345,-0.06297298345
3.273222704,-0.05399273956
3.268212151,-0.04501244536
3.263201686,-0.03603210107
3.258191309,-0.02705170686
3.253181021,-0.01807126285
3.248170821,-0.009090769145
3.24316071,-0.0001102258331
3.238150686,0.008870367023
3.233140751,0.01785100937
3.228130905,0.02683170117
3.223120469,0.03581579862
3.218103644,0.04479724993
3.213094338,0.05377822432
3.20808512,0.06275925111
3.203075992,0.07174033081
3.198066952,0.08072146269
3.193058,0.08970264615
3.188049137,0.09868388071
3.183040362,0.107665166
3.178031675,0.1166465017
3.173023077,0.1256278877
3.168014568,0.1346093237
3.163006146,0.1435908095
3.157997813,0.1525723451
3.152989569,0.1615539304
3.147981413,0.1705355652
3.142973345,0.1795172496
3.137965366,0.1884989835
3.132957475,0.1974807669
3.127941785,0.2064664163
3.122934269,0.2154485707
3.117926919,0.2244306377
3.112919658,0.2334127579
3.107912486,0.2423949308
3.102905402,0.2513771555
3.097898406,0.2603594315
3.0928915,0.2693417584
3.087884681,0.278324136
3.082877951,0.2873065638
3.07787131,0.2962890418
3.072864757,0.3052715698
3.067858293,0.3142541476
3.062851917,0.3232367751
3.057845629,0.3322194522
3.05283943,0.341202179
3.047833319,0.3501849552
3.042827297,0.359167781
3.037820035,0.368152084
3.032807697,0.3771376075
3.027802216,0.3861207157
3.022796824,0.3951038766
3.017791521,0.4040870906
3.012786307,0.4130703567
3.007781181,0.4220536743
3.002776143,0.4310370432
2.997771195,0.4400204627
2.992766334,0.4490039328
2.987761563,0.4579874531
2.98275688,0.4669710234
2.977752285,0.4759546436
2.972747779,0.4849383137
2.967743361,0.4939220334
2.962739032,0.5029058027
2.957734792,0.5118896216
2.95273064,0.5208734901
2.947726577,0.529857408
2.9427147,0.5388452564
2.937711041,0.5478294919
2.93270752,0.5568136938
2.927704087,0.5657979489
2.922700744,0.5747822566
2.917697488,0.5837666162
2.912694322,0.5927510271
2.907691244,0.601735489
2.902688255,0.6107200014
2.897685355,0.6197045643
2.892682543,0.6286891772
2.887679819,0.6376738402
2.882677185,0.646658553
2.877674639,0.6556433156
2.872672181,0.6646281279
2.867669813,0.6736129898
2.862667532,0.6825979012
2.857665341,0.6915828621
2.852659105,0.7005682186
2.84765342,0.7095569716
2.84265177,0.7185422149
2.83765021,0.7275275114
2.832648738,0.7365128609
2.827647355,0.7454982625
2.822646061,0.7544837157
2.817644856,0.7634692201
2.812643739,0.7724547752
2.807642711,0.7814403809
2.802641772,0.7904260368
2.797640922,0.7994117427
2.79264016,0.8083974986
2.787639487,0.8173833043
2.782638903,0.8263691598
2.777638407,0.8353550649
2.772638,0.8443410196
2.767637681,0.8533270239
2.762637452,0.8623130777
2.757634826,0.8713101212
2.7525168,0.8803965456
2.747249235,0.8892412881
2.741785055,0.8979593534
2.736124061,0.9065508621
2.730269171,0.9150113709
2.724223406,0.9233365037
2.717989884,0.931521954
2.711571823,0.939563487
2.704972532,0.9474569419
2.698195418,0.9551982339
2.691243978,0.9627833562
2.684121799,0.9702083825
2.676832557,0.9774694684
2.669380015,0.9845628538
2.661768021,0.9914848647
2.654000503,0.9982319152
2.646081473,1.004800509
2.63801502,1.011187243
2.62980531,1.017388804
2.621456583,1.023401979
2.612973152,1.029223647
2.604359399,1.034850789
2.595619774,1.040280485
2.586758794,1.045509915
2.577781038,1.050536366
2.568691146,1.055357225
2.559493816,1.059969988
2.550193804,1.064372256
2.540795918,1.068561741
2.531305017,1.072536264
2.52172601,1.076293754
2.512063851,1.079832255
2.502323538,1.083149924
2.492510111,1.086245031
2.482628647,1.08911596
2.472682793,1.091761686
2.462677031,1.094181235
2.452619095,1.096372801
2.442514179,1.098335257
2.432367497,1.100067597
2.422184285,1.10156893
2.411969798,1.102838487
2.401729304,1.103875617
2.391468089,1.104679789
2.381191447,1.105250591
2.370904681,1.105587733
2.360613098,1.105691042
2.35032201,1.105560468
2.340036725,1.105196082
2.329762553,1.104598072
2.319504794,1.103766749
2.309268743,1.102702543
2.299059682,1.101406004
2.288882879,1.099877803
2.278743589,1.098118728
2.268647043,1.096129687
2.258598454,1.093911706
2.248603009,1.091465931
2.238665868,1.088793621
2.228792161,1.085896155
2.218986988,1.082775029
2.20925541,1.079431851
2.199602453,1.075868344
2.190033102,1.072086348
2.180552301,1.068087811
2.171164947,1.063874797
2.161875888,1.059449476
2.152689925,1.054814131
2.143611803,1.049971154
2.134646215,1.04492304
2.125797795,1.039672393
2.117071115,1.034221923
2.108470688,1.028574438
2.10000096,1.022732854
2.091666311,1.016700183
2.083471052,1.010479537
2.075419422,1.004074125
2.067515587,0.9974872523
2.059763637,0.990722318
2.052167582,0.9837828126
2.044731357,0.9766723177
2.037458809,0.9693945031
2.030353706,0.9619531254
2.023419726,0.9543520261
2.016660463,0.9465951294
2.010079418,0.9386864404
2.003680002,0.930630043
1.997465532,0.9224300979
1.991439231,0.9140908402
1.985604224,0.9056165776
1.979963539,0.8970116879
1.974520101,0.888280617
1.969276738,0.8794278764
1.964236171,0.870458041
1.959401019,0.8613757469
1.954773794,0.8521856888
1.950356901,0.8428926176
1.946152638,0.8335013381
1.94216319,0.8240167066
1.938390636,0.814443628
1.934836939,0.8047870539
1.931503951,0.7950519793
1.92839341,0.7852434409
1.925506939,0.7753665136
1.922845651,0.7654250983
1.920417363,0.7554207049
1.918119416,0.7451337755
1.91582802,0.7350762066
1.91356257,0.725017637
1.911289971,0.7149665137
1.909022975,0.7049348331
1.906756122,0.6949029026
1.90448946,0.684870922
1.902222991,0.6748388927
1.899956715,0.664806816
1.897690631,0.6547746927
1.895424739,0.6447425236
1.89315904,0.6347103091
1.890893534,0.6246780497
1.888628221,0.6146457457
1.8863631,0.6046133972
1.884098172,0.5945810046
1.881833437,0.5845485678
1.879568895,0.574516087
1.877304546,0.5644835624
1.875026821,0.5544461415
1.872755992,0.5443840811
1.87049484,0.5343500304
1.868234063,0.5243167303
1.865973477,0.514283379
1.863713084,0.5042499782
1.861452883,0.4942165294
1.859192875,0.4841830335
1.85693306,0.4741494915
1.854673438,0.4641159039
1.852414008,0.4540822711
1.850154772,0.4440485937
1.847895728,0.4340148717
1.845636878,0.4239811055
1.84337822,0.4139472952
1.841119756,0.4039134409
1.838861485,0.3938795427
1.836603406,0.3838456008
1.834328308,0.37379951
1.832074607,0.3637588687
1.82981902,0.3537244041
1.827563625,0.343689887
1.825308423,0.3336553193
1.823053413,0.3236207025
1.820798595,0.3135860381
1.818543971,0.303551327
1.81628954,0.2935165699
1.814035301,0.2834817674
1.811781256,0.2734469201
1.809527404,0.2634120281
1.807273745,0.2533770918
1.805020279,0.2433421113
1.80276057,0.2333070466
1.800555339,0.2231804884
1.798597601,0.2130718102
1.796876497,0.2029223838
1.795312251,0.1926476875
1.79374402,0.1824825757
1.792176018,0.1723175003
1.790608231,0.1621523845
1.78904066,0.1519872298
1.787473305,0.1418220377
1.785906166,0.1316568091
1.784339243,0.1214915446
1.782772536,0.111326245
1.781206045,0.1011609106
1.779634345,0.09099468233
1.778111794,0.08075181651
1.776847623,0.07053809646
1.775748089,0.06026743637
1.774627893,0.05001859357
1.773516627,0.03976175979
1.772380355,0.02952273231
1.771274823,0.01928988375
1.770173997,0.009063350532
1.7690734,-0.001163216357
1.767973033,-0.0113898151
1.766872897,-0.02161644401
1.765772991,-0.03184310182
1.764673316,-0.04206978758
1.763573872,-0.05229650055
1.762474659,-0.0625232402
1.761375676,-0.07275000609
1.760276924,-0.08297679793
1.759178404,-0.09320361547
1.758080114,-0.1034304585
1.756982055,-0.113657327
1.755884228,-0.1238842207
1.754768741,-0.1341197506
1.753633027,-0.1443605732
1.75253883,-0.1545977444
1.75144484,-0.164825028
1.750351082,-0.1750523356
1.749253675,-0.1852805875
1.748204771,-0.1957304018
1.74741718,-0.2059934168
1.746863019,-0.2162709304
1.746544719,-0.2265634254
1.746387878,-0.2370177141
1.746231933,-0.2473152667
1.746075867,-0.2576003905
1.745920057,-0.2678855272
1.745764504,-0.2781706753
1.745609208,-0.288455833
1.74545417,-0.298740999
1.745299388,-0.3090261722
1.745144865,-0.3193113519
1.744990599,-0.3295965373
1.744836591,-0.3398817282
1.74468284,-0.3501669241
1.744529348,-0.3604521248
1.744376113,-0.3707373301
1.744223136,-0.3810225399
1.744070417,-0.3913077541
1.743900146,-0.401604522
1.743730379,-0.4119211429
1.743563232,-0.4222411127
1.743506076,-0.4326511906
1.743684913,-0.4429414826
1.744097532,-0.4532248678
1.744743719,-0.4634960562
1.74562314,-0.4737497449
1.746735339,-0.4839806407
1.748079742,-0.4941834619
1.749655655,-0.5043529419
1.751462263,-0.514483831
1.753498634,-0.5245708995
1.755763719,-0.53460894
1.758256348,-0.5445927703
1.760975235,-0.554517236
1.763918979,-0.5643772129
1.767086061,-0.5741676099
1.770474848,-0.5838833714
1.774083592,-0.5935194798
1.781953398,-0.6125328738
1.786210401,-0.6219003381
1.790679248,-0.6311685121
1.795357633,-0.640332607
1.800243145,-0.6493878876
1.805333264,-0.6583296741
1.810625365,-0.6671533448
1.816116718,-0.6758543388
1.821804492,-0.6844281576
1.827685751,-0.6928703681
1.833757463,-0.7011766046
1.840016495,-0.7093425709
1.853083508,-0.7252368704
1.859884746,-0.7329569796
1.866859824,-0.740520375
1.87400514,-0.7479231415
1.881317008,-0.7551614462
1.888791653,-0.762231541
1.896425216,-0.7691297638
1.904213757,-0.7758525412
1.912153253,-0.7823963895
1.920239606,-0.7887579172
1.928468638,-0.7949338264
1.936836099,-0.8009209148
1.945337668,-0.8067160769
1.953968952,-0.8123163062
1.971602762,-0.8229204431
1.980596176,-0.827918845
1.989701085,-0.8327113058
1.998912782,-0.8372953349
2.008226505,-0.8416685494
2.017637438,-0.845828675
2.027140716,-0.8497735472
2.036731424,-0.8535011125
2.0464046,-0.8570094294
2.065978301,-0.863361119
2.0758687,-0.8662011783
2.085823293,-0.8688160013
2.09583652,-0.8712043489
2.105901208,-0.8733645512
2.116012163,-0.8752954987
2.126164165,-0.8769962003
2.136351979,-0.8784657832
2.146570346,-0.8797034935
2.156813995,-0.8807086969
2.16707764,-0.8814808785
2.177355984,-0.8820196434
2.197935555,-0.8823959438
2.208226161,-0.8822332905
2.218510235,-0.881836843
2.22878247,-0.8812068078
2.239037564,-0.8803435114
2.249270226,-0.8792474006
2.259475173,-0.877919042
2.26964714,-0.8763591218
2.279780877,-0.8745684453
2.299912758,-0.8702986383
2.30990051,-0.8678217108
2.319829252,-0.8651184317
2.329693859,-0.8621901951
2.339489236,-0.8590385112
2.349210326,-0.8556650053
2.358852108,-0.8520714169
2.368409603,-0.8482595991
2.377877875,-0.8442315174
2.387252032,-0.8399892489
2.396527232,-0.8355349813
2.414761643,-0.8259997441
2.423711431,-0.8209236919
2.432543422,-0.8156454725
2.441253049,-0.8101678081
2.449835809,-0.8044935241
2.458287266,-0.7986255472
2.466603048,-0.7925669044
2.474778854,-0.7863207213
2.482810455,-0.7798902204
2.490688468,-0.7732719345
2.498428149,-0.7665404431
2.513996496,-0.7530668498
2.52177555,-0.7463416047
2.529554625,-0.7396163779
2.537333721,-0.7328911693
2.545112837,-0.7261659794
2.552891973,-0.7194408085
2.560671128,-0.7127156568
2.568450301,-0.7059905246
2.576229494,-0.6992654119
2.584008705,-0.6925403189
2.599567182,-0.6790901927
2.607346447,-0.6723651595
2.615125731,-0.6656401465
2.622905032,-0.6589151535
2.630684351,-0.6521901807
2.638463688,-0.645465228
2.646243043,-0.6387402956
2.654022415,-0.6320153834
2.661801806,-0.6252904915
2.669581213,-0.6185656198
2.685140082,-0.6051159373
2.692919542,-0.5983911264
2.700699021,-0.5916663359
2.708478516,-0.5849415657
2.716263769,-0.5782192836
2.724043778,-0.5714855368
2.73182321,-0.5647605834
2.739602575,-0.558035691
2.74738196,-0.551310817
2.755161366,-0.5445859616
2.770720236,-0.5311363082
2.7784997,-0.5244115107
2.786279182,-0.5176867327
2.794058682,-0.5109619745
2.801838201,-0.5042372362
2.809617738,-0.4975125178
2.817397293,-0.4907878195
2.825176867,-0.4840631412
2.832956457,-0.4773384831
2.848515693,-0.4638892274
2.856295337,-0.4571646299
2.864074999,-0.4504400526
2.871854679,-0.4437154956
2.879634376,-0.4369909588
2.887414091,-0.4302664424
2.895193824,-0.4235419463
2.902973574,-0.4168174704
2.910753342,-0.4100930149
2.926320695,-0.396644943
2.934109071,-0.3899224408
2.941897049,-0.3831861979
2.94967719,-0.3764622007
2.957457349,-0.369738225
2.965237528,-0.3630142677
2.973017727,-0.3562903293
2.980797946,-0.34956641
2.99635844,-0.3361186295
3.004138716,-0.3293947688
3.011919009,-0.3226709278
3.019699321,-0.3159471068
3.027479652,-0.3092233058
3.03526,-0.3024995249
3.043040366,-0.2957757642
3.05082075,-0.2890520235
3.066381572,-0.275604603
3.07416201,-0.2688809231
3.081942465,-0.2621572635
3.089722938,-0.2554336242
3.097503429,-0.2487100052
3.105283937,-0.2419864066
3.113064463,-0.2352628282
3.120845007,-0.2285392703
3.128625568,-0.2218157326
3.144196053,-0.208370012
3.151988117,-0.2016504765
3.159770378,-0.1949266157
3.167550658,-0.1882026296
3.175330865,-0.1814787153
3.183111094,-0.1747548191
3.190891343,-0.1680309415
3.198671611,-0.1613070827
3.206451899,-0.1545832431
3.222012533,-0.1411356223
3.229792877,-0.1344118414
3.237573241,-0.1276880804
3.245353622,-0.1209643393
3.253134021,-0.1142406182
3.260914439,-0.1075169172
3.268694874,-0.1007932364
3.276475328,-0.09406957578
3.284255799,-0.08734593536
3.299816795,-0.0738987153
3.307597319,-0.0671751357
3.315377861,-0.06045157641
3.323158421,-0.05372803743
3.330938999,-0.04700451879
3.338719594,-0.04028102048
3.346500207,-0.03355754252
3.354280837,-0.02683408491
3.362062882,-0.02011045216
3.36985106,-0.01338999058
3.385428175,6.61E-05
3.393207671,0.006790807464
3.400987187,0.01351552593
3.408766725,0.02024022594
3.416546282,0.02696490714
3.424325859,0.03368956924
3.439885069,0.04713883524
3.447664703,0.0538634388
3.455444355,0.06058802256
3.463224025,0.06731258642
3.471003713,0.07403713029
3.478783419,0.08076165411
3.486563143,0.08748615782
3.494342885,0.09421064138
3.509902422,0.1076595479
3.517682218,0.1143839708
3.525462031,0.1211083735
3.533241861,0.1278327559
3.54102171,0.134557118
3.548801576,0.1412814598
3.556581459,0.1480057813
3.572141279,0.1614543633
3.5799228,0.1681789525
3.587709536,0.1749037176
3.595510978,0.1816102562
3.60329471,0.1883361796
3.611086057,0.1950650055
3.618866097,0.2017846451
3.634435884,0.2152388336
3.642218436,0.2219580235
3.650015344,0.2286779126
3.657797545,0.2354032851
3.665578785,0.2421207086
3.673358359,0.2488452791
3.68113799,0.2555698602
3.696697314,0.2690189676
3.704477006,0.2757434932
3.712256718,0.2824679996
3.720036448,0.2891924867
3.727816198,0.2959169543
3.735595966,0.3026414022
3.743375752,0.3093658302
3.75893538,0.3228146265
3.766715221,0.3295389946
3.77449508,0.3362633425
3.782274956,0.3429876703
3.790054851,0.3497119779
3.797834763,0.3564362653
3.805614693,0.3631605324
3.821174606,0.3766090058
3.828954589,0.3833332121
3.83673459,0.3900573981
3.844514608,0.3967815638
3.852294644,0.4035057091
3.860074698,0.4102298342
3.875642398,0.423676366
3.883428182,0.4303960067
3.891207961,0.4371204574
3.898987738,0.4438448698
3.906767537,0.4505692639
3.914547355,0.4572936396
3.922327194,0.4640179963
3.937886929,0.4774666521
3.945666824,0.4841909507
3.953446739,0.4909152296
3.961226671,0.4976394886
3.969006622,0.5043637277
3.976786591,0.5110879468
3.984566579,0.5178121458
3.992346584,0.5245363247
4.007906647,0.537984622
4.015686706,0.5447087403
4.023466782,0.5514328383
4.031243418,0.5581656374
4.03913914,0.5649141903
4.047120943,0.5714142827
4.06350972,0.5838555938
4.071912228,0.5897933905
4.080447719,0.5955384751
4.089111782,0.6010878667
4.097899939,0.6064386849
4.106807651,0.6115881517
4.124963257,0.621272439
4.134201767,0.6258022275
4.143541065,0.6301206033
4.152976322,0.6342253203
4.162502658,0.6381142425
4.181808816,0.6452367166
4.19157865,0.6484665572
4.201419595,0.6514731827
4.211326558,0.6542550236
4.221297344,0.6568115938
4.231324363,0.6591411114
4.241401502,0.6612421855
4.251523562,0.6631137374
4.271881529,0.6661645507
4.282106933,0.667342247
4.292356254,0.6682872918
4.302624204,0.6689992013
4.312905484,0.6694776115
4.333486811,0.6697330793
4.343776238,0.6695100103
4.354057761,0.6690531888
4.364326074,0.6683628525
4.384801885,0.6662831859
4.394998816,0.6648949309
4.405161407,0.6632753109
4.415284415,0.661425162
4.425362614,0.659345439
4.435390801,0.6570372149
4.4453638,0.6545016805
4.465123669,0.6487540282
4.474900336,0.6455448745
4.484601415,0.6421143372
4.494221896,0.6384641855
4.50375681,0.6345963014
4.522550285,0.6262154254
4.531799137,0.6217067551
4.540943009,0.6169889936
4.549977178,0.6120645738
4.558896972,0.6069360353
4.576375062,0.5960772858
4.584924321,0.5903526755
4.59334114,0.5844351449
4.601621167,0.5783277466
4.609760118,0.5720336313
4.617753784,0.5655560463
4.633288792,0.5520639295
4.640822094,0.5450563599
4.648194035,0.5378792419
4.655400798,0.5305362798
4.662438651,0.5230312641
4.675993134,0.5075506514
4.682502742,0.4995830474
4.688829396,0.4914693716
4.694969819,0.4832138145
4.700920825,0.4748206401
4.712242339,0.4576388515
4.717606972,0.4488591143
4.722770442,0.4399595096
4.727730068,0.4309446366
4.732483272,0.421819155
4.737027585,0.4125877818
4.745480196,0.3938265042
4.749384097,0.3843063009
4.753070315,0.3746996037
4.756536929,0.3650113815
4.759782133,0.3552466462
4.765601655,0.3355078821
4.768173812,0.3255413874
4.770519072,0.3155180214
4.772635966,0.3054441769
4.77452341,0.2953250522
4.777606184,0.2749718684
4.778799934,0.2647483111
4.779761071,0.254500472
4.780489101,0.2442336389
4.780983654,0.2339531091
4.781244476,0.2236641873
4.781271437,0.2133721827
4.780623847,0.1928001665
4.779949635,0.1825307706
4.779042237,0.1722795178
4.777902123,0.1620516982
4.776529882,0.1518525905
4.773086531,0.1315619169
4.771036347,0.1213903735
4.769052251,0.1112592658
4.767032192,0.101167682
4.76502956,0.09107950217
4.761024907,0.07090304655
4.759022882,0.06081474953
4.757021058,0.05072640822
4.755019436,0.04063802362
4.753018016,0.03054959646
4.751016797,0.02046112732
4.747014966,0.0002840647153
4.745014353,-0.009804528167
4.743013942,-0.01989316183
4.741013732,-0.02998183612
4.739013725,-0.04007055094
4.734997155,-0.06025262973
4.732978126,-0.07035557875
4.730996024,-0.08046234291
4.728992028,-0.09057667571
4.726969006,-0.1006777981
4.722983518,-0.1208581239
4.720991083,-0.1309483189
4.718998849,-0.1410385596
4.717006816,-0.1511288446
4.715014986,-0.1612191729
4.711031931,-0.1813999564
4.709040707,-0.1914904105
4.707049685,-0.2015809058
4.705058865,-0.211671442
4.703068247,-0.2217620188
4.701077832,-0.2318526361
4.697097608,-0.2520339919
4.695104439,-0.2621287198
4.693083464,-0.2722316492
4.691129373,-0.2823456782
4.689132699,-0.2924477535
4.685156189,-0.3126689119
4.683172949,-0.3227642841
4.681190522,-0.3328564494
4.679208296,-0.3429486619
4.677226273,-0.3530409199
4.673262831,-0.3732255673
4.671281414,-0.3833179548
4.6693002,-0.3934103842
4.667319187,-0.4035028548
4.665338378,-0.4135953664
4.661377366,-0.4337805116
4.659397164,-0.4438731448
4.657417165,-0.4539658183
4.655437368,-0.4640585319
4.653449162,-0.4741571447
4.649469788,-0.4943634239
4.647473343,-0.5044681817
4.645466209,-0.5145816622
4.643493921,-0.5246767406
4.641522031,-0.5347709733
4.637578857,-0.5549595803
4.635607574,-0.5650539513
4.633636494,-0.5751483657
4.631665616,-0.5852428225
4.629699395,-0.5953418184
4.625341671,-0.6157445542
4.622843258,-0.6257269058
4.62011862,-0.6356497677
4.61716916,-0.6455080156
4.613996402,-0.6552965579
4.606987649,-0.6746443416
4.603155268,-0.6841935896
4.599106815,-0.6936531503
4.594844377,-0.7030181367
4.590370154,-0.7122837107
4.580795686,-0.7304975243
4.575700378,-0.7394363516
4.570403158,-0.7482569462
4.564906756,-0.7569547486
4.559214007,-0.765525262
4.547251316,-0.7822667632
4.540987544,-0.7904290927
4.534539765,-0.7984468211
4.527911306,-0.8063158001
4.514126119,-0.8215913008
4.506976505,-0.828989916
4.499660436,-0.8362239727
4.492181686,-0.8432897248
4.484544118,-0.8501835128
4.468808379,-0.8634410008
4.460718332,-0.8697978304
4.452485714,-0.8759689586
4.444114776,-0.8819511854
4.435609842,-0.8877414081
4.418215628,-0.8987339248
4.409335336,-0.9039305134
4.400339019,-0.9089236896
4.391231326,-0.9137108598
4.372700702,-0.9226573384
4.363287351,-0.9268119952
4.35378178,-0.9307513447
4.344188907,-0.9344733363
4.334513692,-0.9379760315
4.314936297,-0.9443163449
4.305044248,-0.9471506556
4.29508803,-0.9497597283
4.285073425,-0.9521422672
4.264895425,-0.956221713
4.254742444,-0.9579165255
4.244553785,-0.9593801984
4.234334708,-0.9606119812
4.224090483,-0.9616112424
4.203547748,-0.9629102727
4.193259837,-0.9632093782
4.182967974,-0.9632746352
4.172677468,-0.9631060125
4.152121769,-0.9620676052
4.141867182,-0.9611983599
4.131635163,-0.9600963131
4.121430992,-0.9587620346
4.101127244,-0.9553996583
4.091038147,-0.953373296
4.080997852,-0.9511181723
4.071011543,-0.9486354505
4.061084374,-0.9459264112
4.041427929,-0.9398350849
4.031708801,-0.936455939
4.022069109,-0.9328567566
4.01251383,-0.9290393936
3.99367621,-0.9207581109
3.9844036,-0.9162984614
3.975234861,-0.9116291698
3.966174731,-0.9067526437
3.957227892,-0.9016713982
3.939692525,-0.8909053352
3.931113062,-0.8852260704
3.922665015,-0.8793531889
3.914352754,-0.8732897201
3.898075266,-0.8605856042
3.889987541,-0.8542023548
3.881922347,-0.8478158603
3.873847921,-0.8414187959
3.857715265,-0.8286633272
3.849648787,-0.822285561
3.841582282,-0.8159078278
3.83351575,-0.8095301277
3.82544919,-0.803152461
3.80931599,-0.7903972278
3.80124935,-0.7840196614
3.793182683,-0.7776421286
3.785115989,-0.7712646293
3.768982521,-0.7585097317
3.760915746,-0.7521323334
3.752848945,-0.7457549687
3.744782118,-0.7393776378
3.728648382,-0.726623077
3.720581474,-0.7202458472
3.712514539,-0.7138686511
3.704447578,-0.7074914887
3.69638059,-0.7011143601
3.680246534,-0.6883602041
3.672179466,-0.6819831767
3.664111859,-0.6756061895
3.656044725,-0.6692292611
3.639910374,-0.6564755019
3.631843157,-0.6500986714
3.623775913,-0.6437218739
3.615708641,-0.6373451096
3.607641343,-0.6309683785
3.591506664,-0.6182150165
3.583439284,-0.6118383858
3.575371877,-0.6054617886
3.559236983,-0.5927086951
3.551169496,-0.5863321988
3.543101982,-0.5799557362
3.535034441,-0.5735793073
3.518899279,-0.5608265508
3.510831657,-0.5544502231
3.50276401,-0.5480739291
3.494696335,-0.541697669
3.478560906,-0.52894525
3.470493151,-0.5225690911
3.462425369,-0.516192966
3.446289307,-0.5034408859
3.438221347,-0.497064813
3.430153446,-0.4906888541
3.422085518,-0.4843129277
3.414017561,-0.477937034
3.405949577,-0.4715611733
3.389813527,-0.4588095512
3.381745461,-0.4524337902
3.373677368,-0.4460580626
3.3575411,-0.433306708
3.349472926,-0.4269310811
3.341404726,-0.4205554878
3.333336498,-0.4141799282
3.317199962,-0.4014289103
3.309131654,-0.3950534519
3.301063319,-0.3886780273
3.292994958,-0.3823026365
3.276858154,-0.3695519562
3.268789712,-0.3631766667
3.260721243,-0.3568014111
3.252652748,-0.3504261892
3.236515677,-0.337675847
3.228447101,-0.3313007267
3.220377989,-0.3249256424
3.212309347,-0.3185506204
3.196171981,-0.3058006762
3.188103257,-0.2994257532
3.180034505,-0.2930508633
3.171965725,-0.2866760066
3.155828085,-0.2739263933
3.147759224,-0.2675516368
3.139690336,-0.261176914
3.131621422,-0.2548022247
3.115483511,-0.2420529473
3.107414516,-0.2356783592
3.099345493,-0.2293038048
3.083207368,-0.2165547974
3.075138265,-0.2101803445
3.067069136,-0.2038059253
3.058999979,-0.19743154
3.050930796,-0.1910571885
3.03479235,-0.178308587
3.026723086,-0.171934337
3.018653796,-0.1655601209
3.002514818,-0.1528121712
2.994445249,-0.1464376912
2.986375839,-0.1400636417
2.978306402,-0.1336896248
2.970236936,-0.1273156407
2.954097923,-0.1145677716
2.946028375,-0.1081938869
2.9379588,-0.1018200356
2.921819568,-0.08907243365
2.913749912,-0.08269868309
2.905680229,-0.07632496622
2.897610518,-0.06995128307
2.881471017,-0.05720401808
2.873401226,-0.05083043628
2.865331409,-0.04445688831
2.857261564,-0.03808337417
2.849191693,-0.03170989389
2.83305187,-0.0189630349
2.824981918,-0.01258965622
2.816911939,-0.006216311417
2.800771902,0.006530276525
2.792701843,0.01290351966
2.784631757,0.01927672889
2.776561139,0.02564990309
2.760420805,0.03839609257
2.752350598,0.04476913683
2.744280364,0.05114214818
2.736210101,0.05751512642
2.720069495,0.07026098299
2.71199915,0.07663386108
2.703928779,0.0830067056
2.687787955,0.09575229364
2.679717503,0.1021250371
2.671647023,0.1084977467
2.663576517,0.1148704226
2.647435424,0.1276156727
2.639364837,0.133988247
2.631294224,0.1403607874
2.615152916,0.1531057666
2.607082221,0.1594782053
2.5990115,0.1658506101
2.590940753,0.172222981
2.582869978,0.1785953179
2.566728348,0.19133989
2.558657534,0.1977121285
2.550586096,0.204084313
2.534444226,0.2168285523
2.526373249,0.2232006228
2.518302245,0.2295726603
2.510231213,0.2359446645
2.494089066,0.2486885728
2.486017952,0.2550604766
2.477946811,0.2614323468
2.469875643,0.2678041833
2.453733226,0.2805477549
2.445661977,0.28691949
2.437590701,0.2932911912
2.421448068,0.306034492
2.413376711,0.3124060916
2.405305328,0.3187776572
2.397233917,0.3251491888
2.381094274,0.3379011206
2.372832033,0.3443502623
2.364573468,0.3504737938
2.347652611,0.3621778603
2.338995912,0.3677387219
2.330214856,0.3731011756
2.32131398,0.3782624373
2.30317123,0.387970768
2.293938735,0.3925127923
2.284605172,0.3968435383
2.275175368,0.4009607533
2.25604659,0.4085461324
2.24635751,0.4120103463
2.236591971,0.4152531314
2.226755026,0.4182727963
2.206884594,0.4236374684
2.196860652,0.4259802503
2.186786288,0.4280946552
2.176666701,0.4299795976
2.156312761,0.4330573429
2.146088912,0.434248567
2.135840838,0.4352071714
2.125573827,0.4359326655
2.105004193,0.4366829586
2.094712183,0.4367073765
2.084422459,0.4364979216
2.063871102,0.4353779548
2.053620074,0.434468024
2.043392537,0.4333253827
2.023029033,0.4303444499
2.012903577,0.4285076977
2.002822626,0.4264413125
1.992791385,0.4241463606
1.972898715,0.4188756089
1.963047557,0.4159025277
1.953266644,0.4127063152
1.933935715,0.4056512036
1.924395683,0.4017959425
1.914945858,0.3977248243
1.90559112,0.3934399484
1.887186187,0.3842378704
1.878145503,0.3793254137
1.869218922,0.3742086874
1.851726463,0.3633730858
1.843169628,0.3576597992
1.834744977,0.3517534175
1.826456868,0.3456569877
1.810307347,0.3329066604
1.802454291,0.3262593414
1.794754482,0.3194351278
1.779830462,0.3052701932
1.772613978,0.2979367831
1.76556619,0.2904410962
1.751991211,0.2749784528
1.745471055,0.26701948
1.739133657,0.2589141938
1.727020183,0.242281499
1.72125039,0.2337626819
1.715675916,0.2251147298
1.705124397,0.2074493588
1.700152832,0.1984410688
1.69538754,0.1893218973
1.686485576,0.1707698207
1.682353533,0.1613465074
1.67843702,0.1518314912
1.671258623,0.1325460796
1.66800048,0.1227856601
1.664965345,0.1129534843
1.659569513,0.09309178142
1.657210992,0.08307151352
1.65508077,0.07300046512
1.653179939,0.06288383324
1.650070236,0.04253472009
1.648862959,0.03231273863
1.647888264,0.02206616789
1.646638494,0.001520416637
1.646364057,-0.008768162562
1.646323478,-0.01906013385
1.646516775,-0.02935018653
1.647604468,-0.04990330024
1.6484983,-0.06015575507
1.649624879,-0.07038508429
1.652573828,-0.0907532634
1.654394676,-0.1008816008
1.656445226,-0.110965793
1.661231082,-0.1309809455
1.663963919,-0.1409015731
1.666921523,-0.1507573954
1.673504811,-0.1702543044
1.677127101,-0.1798853229
1.680967368,-0.189431405
1.685023634,-0.19888762
1.693775681,-0.2175109581
1.698466949,-0.2266684595
1.708467881,-0.2446514694
1.713772386,-0.253467684
1.719275972,-0.2621609416
1.7249758,-0.2707267479
1.736952319,-0.287458358
1.743222832,-0.2956155085
1.749677234,-0.3036279059
1.763124287,-0.3192019356
1.77011,-0.3267555082
1.777265727,-0.3341482124
1.792072361,-0.3484357897
1.799715625,-0.3553232633
1.80751362,-0.3620350733
1.82355762,-0.3749178829
1.831795338,-0.3810822048
1.840176612,-0.3870507205
1.857127325,-0.398712479
1.865590229,-0.4045541544
1.874053174,-0.4103957772
1.890979185,-0.4220788632
1.89944225,-0.4279203258
1.907905354,-0.4337617344
1.924831679,-0.445444389
1.9332949,-0.4512856347
1.941758159,-0.4571268259
1.958684793,-0.4688090442
1.967148167,-0.4746500713
1.97561158,-0.4804910436
1.992538519,-0.4921728238
2.001002045,-0.4980136315
2.00946561,-0.5038543844
2.017929213,-0.5096950824
2.034856532,-0.5213763135
2.043320249,-0.5272168467
2.060244978,-0.5389068449
2.068831235,-0.5447895406
2.077468256,-0.5503814816
2.086230068,-0.5557752918
2.104110716,-0.565957932
2.113220309,-0.5707414729
2.131754489,-0.5796805679
2.141169494,-0.5838314739
2.150676632,-0.5877670359
2.1699476,-0.5949840449
2.17970146,-0.598261732
2.189527522,-0.601316557
2.209378028,-0.6067520535
2.219393576,-0.6091306087
2.229460362,-0.6112809683
2.249726841,-0.6148928018
2.259916078,-0.616352422
2.270135642,-0.61758014
2.290644646,-0.6193374714
2.300923504,-0.6198661855
2.31121153,-0.6201611988
2.331793851,-0.6200496462
2.342077525,-0.6196431425
2.352349131,-0.6190030625
2.372834946,-0.6170236215
2.383038583,-0.615685284
2.393209013,-0.614115417
2.413429275,-0.6102844554
2.42346867,-0.6080253377
2.433453989,-0.6055386433
2.453241809,-0.5998877715
2.463034094,-0.5967265085
2.472751874,-0.5933434959
2.491943889,-0.5859193135
2.501408212,-0.581881972
2.51077821,-0.5776305355
2.529215922,-0.5684942562
2.53827411,-0.5636141248
2.547218925,-0.5585293188
2.564774171,-0.5477418965
2.57350644,-0.5423104694
2.582238553,-0.5368792317
2.599702925,-0.5260169685
2.608435183,-0.5205859433
2.617167488,-0.5151549891
2.634632237,-0.5042932941
2.643364681,-0.4988625534
2.65209717,-0.493431884
2.669562283,-0.4825707589
2.678294908,-0.4771403034
2.695760291,-0.4662796064
2.704493049,-0.460849365
2.713225853,-0.4554191949
2.730691593,-0.444559069
2.73942453,-0.4391291131
2.748157512,-0.4336992287
2.76564251,-0.4228178103
2.774377878,-0.4173880624
2.783112066,-0.4119601428
2.800580583,-0.4011045171
2.809314911,-0.3956768111
2.818049286,-0.3902491765
2.835518172,-0.3793941212
2.844252683,-0.3739667006
2.852987239,-0.3685393516
2.870456486,-0.3576848678
2.879191176,-0.3522577332
2.887925912,-0.34683067
2.905395517,-0.3359767583
2.914130386,-0.3305499097
2.9228653,-0.3251231327
2.940345074,-0.3142568824
2.949098342,-0.3088242658
2.957845247,-0.3033965404
2.975317389,-0.2925465508
2.984053482,-0.2871216907
2.992789622,-0.2816969018
3.010262041,-0.2708475382
3.018998319,-0.2654229637
3.036471011,-0.2545740291
3.045207425,-0.2491496691
3.053943883,-0.2437253808
3.062680387,-0.238301164
3.080153529,-0.2274529454
3.088890167,-0.2220289435
3.106363577,-0.2111811547
3.115100349,-0.2057573677
3.123835517,-0.2003354054
3.141321216,-0.1894715674
3.150058472,-0.1840485977
3.167533131,-0.1732028718
3.176270531,-0.1677801158
3.185007979,-0.1623574312
3.193745473,-0.1569348182
3.211220598,-0.1460898067
3.219958229,-0.1406674083
3.23254784,-0.1332395241
3.232934321,-0.1330055019