step,solve_time_ms,converged,iterations_used,cost_value
0,14.9138,1,0,4.94066e-324
1,39.3525,1,0,4.94066e-324
2,186.055,1,0,4.94066e-324
3,68.0828,1,0,4.94066e-324
4,29.9689,1,0,4.94066e-324
5,55.3747,1,0,4.94066e-324
6,20.0602,1,0,4.94066e-324
7,18.4601,1,0,4.94066e-324
8,13.6838,1,0,4.94066e-324
9,31.418,1,0,4.94066e-324
10,15.7749,1,0,4.94066e-324
11,14.3571,1,0,4.94066e-324
12,48.2465,1,0,4.94066e-324
13,39.6206,1,0,4.94066e-324
14,65.9161,1,0,4.94066e-324
15,17.2265,1,0,4.94066e-324
16,36.5034,1,0,4.94066e-324
17,19.1713,1,0,4.94066e-324
18,10.5406,1,0,4.94066e-324
19,12.3447,1,0,4.94066e-324
20,39.7015,1,0,4.94066e-324
21,60.1742,1,0,4.94066e-324
22,17.2986,1,0,4.94066e-324
23,11.6811,1,0,4.94066e-324
24,78.948,1,0,4.94066e-324
25,12.3987,1,0,4.94066e-324
26,8.39389,1,0,4.94066e-324
27,106.209,1,0,4.94066e-324
28,17.3611,1,0,4.94066e-324
29,12.4411,1,0,4.94066e-324
30,15.8887,1,0,4.94066e-324
31,50.8803,1,0,4.94066e-324
32,63.9625,1,0,4.94066e-324
33,54.9525,1,0,4.94066e-324
34,32.1926,1,0,4.94066e-324
35,57.06,1,0,4.94066e-324
36,16.1969,1,0,4.94066e-324
37,32.7448,1,0,4.94066e-324
38,26.8995,1,0,4.94066e-324
39,48.014,1,0,4.94066e-324
40,32.0575,1,0,4.94066e-324
41,58.9432,1,0,4.94066e-324
42,15.8191,1,0,4.94066e-324
43,30.0458,1,0,4.94066e-324
44,28.456,1,0,4.94066e-324
45,11.5568,1,0,4.94066e-324
46,34.2714,1,0,4.94066e-324
47,47.2698,1,0,4.94066e-324
48,120.433,1,0,4.94066e-324
49,53.7498,1,0,4.94066e-324
50,18.9544,1,0,4.94066e-324
51,31.274,1,0,4.94066e-324
52,19.1339,1,0,4.94066e-324
53,24.4601,1,0,4.94066e-324
54,21.2306,1,0,4.94066e-324
55,97.0858,1,0,4.94066e-324
56,104.972,1,0,4.94066e-324
57,49.3289,1,0,4.94066e-324
58,15.9148,1,0,4.94066e-324
59,14.8326,1,0,4.94066e-324
60,46.8769,1,0,4.94066e-324
61,47.9497,1,0,4.94066e-324
62,16.8649,1,0,4.94066e-324
63,13.9992,1,0,4.94066e-324
64,51.8667,1,0,4.94066e-324
65,30.0069,1,0,4.94066e-324
66,13.7377,1,0,4.94066e-324
67,12.3009,1,0,4.94066e-324
68,27.7604,1,0,4.94066e-324
69,26.5385,1,0,4.94066e-324
70,27.954,1,0,4.94066e-324
71,23.0962,1,0,4.94066e-324
72,43.445,1,0,4.94066e-324
73,41.3849,1,0,4.94066e-324
74,80.9267,1,0,4.94066e-324
75,58.9762,1,0,4.94066e-324
76,37.3953,1,0,4.94066e-324
77,65.9101,1,0,4.94066e-324
78,44.5407,1,0,4.94066e-324
79,31.5166,1,0,4.94066e-324
80,45.8389,1,0,4.94066e-324
81,48.2603,1,0,4.94066e-324
82,52.8169,1,0,4.94066e-324
83,35.8191,1,0,4.94066e-324
84,74.8125,1,0,4.94066e-324
85,59.2672,1,0,4.94066e-324
86,76.425,1,0,4.94066e-324
87,48.129,1,0,4.94066e-324
88,20.9785,1,0,4.94066e-324
89,40.9849,1,0,4.94066e-324
90,83.1054,1,0,4.94066e-324
91,19.2112,1,0,4.94066e-324
92,18.887,1,0,4.94066e-324
93,38.7805,1,0,4.94066e-324
94,21.7803,1,0,4.94066e-324
95,72.776,1,0,4.94066e-324
96,67.1224,1,0,4.94066e-324
97,33.4626,1,0,4.94066e-324
98,39.9146,1,0,4.94066e-324
99,12.8028,1,0,4.94066e-324
100,33.0243,1,0,4.94066e-324
101,17.3203,1,0,4.94066e-324
102,22.9918,1,0,4.94066e-324
103,8.3499,1,0,4.94066e-324
104,68.2309,1,0,4.94066e-324
105,29.2171,1,0,4.94066e-324
106,17.273,1,0,4.94066e-324
107,31.955,1,0,4.94066e-324
108,17.2545,1,0,4.94066e-324
109,27.2043,1,0,4.94066e-324
110,47.7499,1,0,4.94066e-324
111,61.5396,1,0,4.94066e-324
112,32.0797,1,0,4.94066e-324
113,14.6601,1,0,4.94066e-324
114,18.3112,1,0,4.94066e-324
115,28.1464,1,0,4.94066e-324
116,30.3565,1,0,4.94066e-324
117,35.7281,1,0,4.94066e-324
118,15.599,1,0,4.94066e-324
119,28.9039,1,0,4.94066e-324
120,36.8654,1,0,4.94066e-324
121,25.8134,1,0,4.94066e-324
122,84.8578,1,0,4.94066e-324
123,45.1,1,0,4.94066e-324
124,53.3679,1,0,4.94066e-324
125,90.42,1,0,4.94066e-324
126,33.9489,1,0,4.94066e-324
127,40.3543,1,0,4.94066e-324
128,51.545,1,0,4.94066e-324
129,19.0162,1,0,4.94066e-324
130,32.1982,1,0,4.94066e-324
131,38.6591,1,0,4.94066e-324
132,41.5879,1,0,4.94066e-324
133,23.6291,1,0,4.94066e-324
134,42.8291,1,0,4.94066e-324
135,36.6239,1,0,4.94066e-324
136,18.6704,1,0,4.94066e-324
137,21.4942,1,0,4.94066e-324
138,32.5553,1,0,4.94066e-324
139,10.1992,1,0,4.94066e-324
140,62.8969,1,0,4.94066e-324
141,48.9856,1,0,4.94066e-324
142,44.9243,1,0,4.94066e-324
143,22.7642,1,0,4.94066e-324
144,22.3948,1,0,4.94066e-324
145,28.7933,1,0,4.94066e-324
146,17.5138,1,0,4.94066e-324
147,36.3356,1,0,4.94066e-324
148,25.6562,1,0,4.94066e-324
149,15.0964,1,0,4.94066e-324
150,39.0529,1,0,4.94066e-324
151,24.9405,1,0,4.94066e-324
152,23.5966,1,0,4.94066e-324
153,71.2806,1,0,4.94066e-324
154,21.0138,1,0,4.94066e-324
155,30.1308,1,0,4.94066e-324
156,49.6715,1,0,4.94066e-324
157,21.9058,1,0,4.94066e-324
158,37.0118,1,0,4.94066e-324
159,81.1831,1,0,4.94066e-324
160,34.15,1,0,4.94066e-324
161,21.0747,1,0,4.94066e-324
162,11.4057,1,0,4.94066e-324
163,11.4103,1,0,4.94066e-324
164,23.3716,1,0,4.94066e-324
165,42.3066,1,0,4.94066e-324
166,23.6317,1,0,4.94066e-324
167,10.1306,1,0,4.94066e-324
168,58.8992,1,0,4.94066e-324
169,30.1257,1,0,4.94066e-324
170,83.7782,1,0,4.94066e-324
171,31.5454,1,0,4.94066e-324
172,14.5608,1,0,4.94066e-324
173,59.4349,1,0,4.94066e-324
174,9.07946,1,0,4.94066e-324
175,26.0261,1,0,4.94066e-324
176,37.0622,1,0,4.94066e-324
177,64.9104,1,0,4.94066e-324
178,46.0766,1,0,4.94066e-324
179,20.1964,1,0,4.94066e-324
180,16.0143,1,0,4.94066e-324
181,57.1086,1,0,4.94066e-324
182,50.8148,1,0,4.94066e-324
183,27.9123,1,0,4.94066e-324
184,16.8796,1,0,4.94066e-324
185,25.7544,1,0,4.94066e-324
186,20.488,1,0,4.94066e-324
187,40.4482,1,0,4.94066e-324
188,65.8384,1,0,4.94066e-324
189,34.2965,1,0,4.94066e-324
190,50.6564,1,0,4.94066e-324
191,19.7379,1,0,4.94066e-324
192,89.9851,1,0,4.94066e-324
193,30.9432,1,0,4.94066e-324
194,128.65,1,0,4.94066e-324
195,70.9811,1,0,4.94066e-324
196,47.4705,1,0,4.94066e-324
197,60.7087,1,0,4.94066e-324
198,45.9653,1,0,4.94066e-324
199,32.6751,1,0,4.94066e-324
200,12.9633,1,0,4.94066e-324
201,17.2431,1,0,4.94066e-324
202,62.6549,1,0,4.94066e-324
203,23.0825,1,0,4.94066e-324
204,48.4016,1,0,4.94066e-324
205,64.9985,1,0,4.94066e-324
206,36.8574,1,0,4.94066e-324
207,23.8373,1,0,4.94066e-324
208,19.253,1,0,4.94066e-324
209,22.7208,1,0,4.94066e-324
210,18.1378,1,0,4.94066e-324
211,32.7048,1,0,4.94066e-324
212,13.9486,1,0,4.94066e-324
213,22.0418,1,0,4.94066e-324
214,9.48096,1,0,4.94066e-324
215,62.8639,1,0,4.94066e-324
216,44.738,1,0,4.94066e-324
217,22.3951,1,0,4.94066e-324
218,18.1235,1,0,4.94066e-324
219,92.7561,1,0,4.94066e-324
220,61.2521,1,0,4.94066e-324
221,15.1158,1,0,4.94066e-324
222,11.942,1,0,4.94066e-324
223,99.4983,1,0,4.94066e-324
224,16.9826,1,0,4.94066e-324
225,48.9161,1,0,4.94066e-324
226,13.4035,1,0,4.94066e-324
227,15.9578,1,0,4.94066e-324
228,16.3388,1,0,4.94066e-324
229,12.1578,1,0,4.94066e-324
230,27.9155,1,0,4.94066e-324
231,14.8679,1,0,4.94066e-324
232,30.0833,1,0,4.94066e-324
233,24.1318,1,0,4.94066e-324
234,59.3239,1,0,4.94066e-324
235,49.9467,1,0,4.94066e-324
236,72.5463,1,0,4.94066e-324
237,19.7891,1,0,4.94066e-324
238,19.3143,1,0,4.94066e-324
239,58.029,1,0,4.94066e-324
240,44.0754,1,0,4.94066e-324
241,24.7453,1,0,4.94066e-324
242,18.3749,1,0,4.94066e-324
243,53.1444,1,0,4.94066e-324
244,79.3864,1,0,4.94066e-324
245,30.8501,1,0,4.94066e-324
246,14.9383,1,0,4.94066e-324
247,25.3317,1,0,4.94066e-324
248,66.8622,1,0,4.94066e-324
249,25.4134,1,0,4.94066e-324
250,20.685,1,0,4.94066e-324
251,22.8797,1,0,4.94066e-324
252,89.8313,1,0,4.94066e-324
253,52.8455,1,0,4.94066e-324
254,19.8563,1,0,4.94066e-324
255,39.3206,1,0,4.94066e-324
256,41.2336,1,0,4.94066e-324
257,152.607,1,0,4.94066e-324
258,211.711,1,0,4.94066e-324
259,105.979,1,0,4.94066e-324
260,41.5477,1,0,4.94066e-324
261,170.523,1,0,4.94066e-324
262,164.792,1,0,4.94066e-324
263,90.1322,1,0,4.94066e-324
264,73.7104,1,0,4.94066e-324
265,93.2403,1,0,4.94066e-324
266,123.506,1,0,4.94066e-324
267,124.715,1,0,4.94066e-324
268,28.7736,1,0,4.94066e-324
269,11.1703,1,0,4.94066e-324
270,134.186,1,0,4.94066e-324
271,12.4051,1,0,4.94066e-324
272,56.0836,1,0,4.94066e-324
273,82.2678,1,0,4.94066e-324
274,324.197,1,0,4.94066e-324
275,12.2235,1,0,4.94066e-324
276,99.2483,1,0,4.94066e-324
277,10.4747,1,0,4.94066e-324
278,59.5167,1,0,4.94066e-324
279,257.967,1,0,4.94066e-324
280,39.7813,1,0,4.94066e-324
281,10.8095,1,0,4.94066e-324
282,35.0265,1,0,4.94066e-324
283,29.4594,1,0,4.94066e-324
284,45.8258,1,0,4.94066e-324
285,35.1264,1,0,4.94066e-324
286,19.5908,1,0,4.94066e-324
287,6.39804,1,0,4.94066e-324
288,104.991,1,0,4.94066e-324
289,114.877,1,0,4.94066e-324
290,53.0659,1,0,4.94066e-324
291,22.2913,1,0,4.94066e-324
292,31.5349,1,0,4.94066e-324
293,17.1986,1,0,4.94066e-324
294,15.9671,1,0,4.94066e-324
295,25.9705,1,0,4.94066e-324
296,46.7752,1,0,4.94066e-324
297,75.4597,1,0,4.94066e-324
298,18.7354,1,0,4.94066e-324
299,10.9603,1,0,4.94066e-324
300,241.983,1,0,4.94066e-324
301,20.4861,1,0,4.94066e-324
302,23.1271,1,0,4.94066e-324
303,70.965,1,0,4.94066e-324
304,23.7757,1,0,4.94066e-324
305,17.7351,1,0,4.94066e-324
306,20.1515,1,0,4.94066e-324
307,33.1198,1,0,4.94066e-324
308,13.8047,1,0,4.94066e-324
309,5.97703,1,0,4.94066e-324
310,43.6254,1,0,4.94066e-324
311,6.9632,1,0,4.94066e-324
312,91.5449,1,0,4.94066e-324
313,5.98212,1,0,4.94066e-324
314,45.3401,1,0,4.94066e-324
315,13.6283,1,0,4.94066e-324
316,26.0261,1,0,4.94066e-324
317,29.6885,1,0,4.94066e-324
318,222.986,1,0,4.94066e-324
319,47.9231,1,0,4.94066e-324
320,32.0713,1,0,4.94066e-324
321,25.5353,1,0,4.94066e-324
322,17.4288,1,0,4.94066e-324
323,22.3346,1,0,4.94066e-324
324,16.2958,1,0,4.94066e-324
325,30.751,1,0,4.94066e-324
326,4.68994,1,0,4.94066e-324
327,24.4445,1,0,4.94066e-324
328,1.35709,1,0,4.94066e-324
329,61.4051,1,0,4.94066e-324
330,62.3063,1,0,4.94066e-324
331,35.1393,1,0,4.94066e-324
332,21.5768,1,0,4.94066e-324
333,39.1625,1,0,4.94066e-324
334,43.1545,1,0,4.94066e-324
335,168.264,1,0,4.94066e-324
336,92.3233,1,0,4.94066e-324
337,24.4246,1,0,4.94066e-324
338,7.45558,1,0,4.94066e-324
339,14.6737,1,0,4.94066e-324
340,23.5138,1,0,4.94066e-324
341,50.808,1,0,4.94066e-324
342,10.7043,1,0,4.94066e-324
343,107.728,1,0,4.94066e-324
344,10.87,1,0,4.94066e-324
345,17.3109,1,0,4.94066e-324
346,8.30504,1,0,4.94066e-324
347,11.7104,1,0,4.94066e-324
348,34.2846,1,0,4.94066e-324
349,17.8283,1,0,4.94066e-324
350,8.62081,1,0,4.94066e-324
351,26.1162,1,0,4.94066e-324
352,140.064,1,0,4.94066e-324
353,13.0303,1,0,4.94066e-324
354,26.3666,1,0,4.94066e-324
355,7.27738,1,0,4.94066e-324
356,81.9969,1,0,4.94066e-324
357,124.691,1,0,4.94066e-324
358,130.281,1,0,4.94066e-324
359,16.918,1,0,4.94066e-324
360,11.5444,1,0,4.94066e-324
361,7.97433,1,0,4.94066e-324
362,5.31132,1,0,4.94066e-324
363,3.77429,1,0,4.94066e-324
364,4.72337,1,0,4.94066e-324
365,23.4973,1,0,4.94066e-324
366,7.89286,1,0,4.94066e-324
367,34.22,1,0,4.94066e-324
368,36.1058,1,0,4.94066e-324
369,20.2437,1,0,4.94066e-324
370,13.4347,1,0,4.94066e-324
371,10.2536,1,0,4.94066e-324
372,19.3859,1,0,4.94066e-324
373,12.886,1,0,4.94066e-324
374,118.158,1,0,4.94066e-324
375,14.4857,1,0,4.94066e-324
376,9.18972,1,0,4.94066e-324
377,24.0722,1,0,4.94066e-324
378,34.3167,1,0,4.94066e-324
379,11.1664,1,0,4.94066e-324
380,97.1789,1,0,4.94066e-324
381,67.3009,1,0,4.94066e-324
382,128.665,1,0,4.94066e-324
383,24.6456,1,0,4.94066e-324
384,9.1508,1,0,4.94066e-324
385,33.2781,1,0,4.94066e-324
386,8.64013,1,0,4.94066e-324
387,42.5759,1,0,4.94066e-324
388,47.8282,1,0,4.94066e-324
389,67.1682,1,0,4.94066e-324
390,18.2676,1,0,4.94066e-324
391,29.9831,1,0,4.94066e-324
392,45.0986,1,0,4.94066e-324
393,73.374,1,0,4.94066e-324
394,139.823,1,0,4.94066e-324
395,107.076,1,0,4.94066e-324
396,228.671,1,0,4.94066e-324
397,18.1337,1,0,4.94066e-324
398,12.1537,1,0,4.94066e-324
399,43.4457,1,0,4.94066e-324
400,198.146,1,0,4.94066e-324
401,79.5783,1,0,4.94066e-324
402,51.9642,1,0,4.94066e-324
403,204.962,1,0,4.94066e-324
404,97.9347,1,0,4.94066e-324
405,85.3349,1,0,4.94066e-324
406,16.8615,1,0,4.94066e-324
407,56.4101,1,0,4.94066e-324
408,27.4441,1,0,4.94066e-324
409,17.8573,1,0,4.94066e-324
410,80.6536,1,0,4.94066e-324
411,63.5432,1,0,4.94066e-324
412,15.2745,1,0,4.94066e-324
413,50.2666,1,0,4.94066e-324
414,21.1694,1,0,4.94066e-324
415,10.9492,1,0,4.94066e-324
416,80.4044,1,0,4.94066e-324
417,77.4707,1,0,4.94066e-324
418,114.082,1,0,4.94066e-324
419,118.408,1,0,4.94066e-324
420,18.6787,1,0,4.94066e-324
421,64.7716,1,0,4.94066e-324
422,18.5065,1,0,4.94066e-324
423,37.5599,1,0,4.94066e-324
424,30.663,1,0,4.94066e-324
425,57.9088,1,0,4.94066e-324
426,367.601,1,0,4.94066e-324
427,247.524,1,0,4.94066e-324
428,21.2196,1,0,4.94066e-324
429,89.3498,1,0,4.94066e-324
430,33.0654,1,0,4.94066e-324
431,10.3787,1,0,4.94066e-324
432,58.8379,1,0,4.94066e-324
433,54.55,1,0,4.94066e-324
434,20.4837,1,0,4.94066e-324
435,59.7616,1,0,4.94066e-324
436,34.6428,1,0,4.94066e-324
437,27.3953,1,0,4.94066e-324
438,18.5246,1,0,4.94066e-324
439,51.1897,1,0,4.94066e-324
440,20.4191,1,0,4.94066e-324
441,28.8581,1,0,4.94066e-324
442,49.8763,1,0,4.94066e-324
443,21.9623,1,0,4.94066e-324
444,8.25015,1,0,4.94066e-324
445,103.655,1,0,4.94066e-324
446,58.1668,1,0,4.94066e-324
447,16.8655,1,0,4.94066e-324
448,85.233,1,0,4.94066e-324
449,94.6639,1,0,4.94066e-324
450,20.0619,1,0,4.94066e-324
451,10.3519,1,0,4.94066e-324
452,22.5346,1,0,4.94066e-324
453,14.9998,1,0,4.94066e-324
454,35.2525,1,0,4.94066e-324
455,12.2493,1,0,4.94066e-324
456,171.84,1,0,4.94066e-324
457,19.9208,1,0,4.94066e-324
458,31.7901,1,0,4.94066e-324
459,20.0759,1,0,4.94066e-324
460,111.435,1,0,4.94066e-324
461,41.8597,1,0,4.94066e-324
462,50.0141,1,0,4.94066e-324
463,46.6931,1,0,4.94066e-324
464,45.8775,1,0,4.94066e-324
465,50.7399,1,0,4.94066e-324
466,7.6718,1,0,4.94066e-324
467,52.9732,1,0,4.94066e-324
468,232.603,1,0,4.94066e-324
469,45.5189,1,0,4.94066e-324
470,41.2287,1,0,4.94066e-324
471,51.8303,1,0,4.94066e-324
472,16.4255,1,0,4.94066e-324
473,76.7477,1,0,4.94066e-324
474,18.491,1,0,4.94066e-324
475,39.5221,1,0,4.94066e-324
476,27.7683,1,0,4.94066e-324
477,32.0389,1,0,4.94066e-324
478,12.8673,1,0,4.94066e-324
479,39.3938,1,0,4.94066e-324
480,12.2846,1,0,4.94066e-324
481,207.009,1,0,4.94066e-324
482,20.0041,1,0,4.94066e-324
483,55.9604,1,0,4.94066e-324
484,60.2416,1,0,4.94066e-324
485,36.7932,1,0,4.94066e-324
486,57.3006,1,0,4.94066e-324
487,103.905,1,0,4.94066e-324
488,106.622,1,0,4.94066e-324
489,30.4268,1,0,4.94066e-324
490,154.493,1,0,4.94066e-324
491,62.7103,1,0,4.94066e-324
492,19.2273,1,0,4.94066e-324
493,142.847,1,0,4.94066e-324
494,24.9926,1,0,4.94066e-324
495,55.7347,1,0,4.94066e-324
496,104.493,1,0,4.94066e-324
497,14.1753,1,0,4.94066e-324
498,63.3543,1,0,4.94066e-324
499,194.034,1,0,4.94066e-324
500,28.9122,1,0,4.94066e-324
501,107.242,1,0,4.94066e-324
502,101.291,1,0,4.94066e-324
503,8.72339,1,0,4.94066e-324
504,11.3066,1,0,4.94066e-324
505,48.0016,1,0,4.94066e-324
506,17.6433,1,0,4.94066e-324
507,19.709,1,0,4.94066e-324
508,25.0129,1,0,4.94066e-324
509,64.6442,1,0,4.94066e-324
510,13.2599,1,0,4.94066e-324
511,145.896,1,0,4.94066e-324
512,57.7869,1,0,4.94066e-324
513,76.872,1,0,4.94066e-324
514,87.3986,1,0,4.94066e-324
515,198.797,1,0,4.94066e-324
516,85.7868,1,0,4.94066e-324
517,50.5962,1,0,4.94066e-324
518,58.377,1,0,4.94066e-324
519,21.7191,1,0,4.94066e-324
520,26.3955,1,0,4.94066e-324
521,7.33912,1,0,4.94066e-324
522,20.0605,1,0,4.94066e-324
523,10.6481,1,0,4.94066e-324
524,408.1,1,0,4.94066e-324
525,31.0499,1,0,4.94066e-324
526,21.8703,1,0,4.94066e-324
527,66.4533,1,0,4.94066e-324
528,21.6877,1,0,4.94066e-324
529,86.507,1,0,4.94066e-324
530,32.0526,1,0,4.94066e-324
531,51.0261,1,0,4.94066e-324
532,10.161,1,0,4.94066e-324
533,43.1202,1,0,4.94066e-324
534,34.0773,1,0,4.94066e-324
535,19.2738,1,0,4.94066e-324
536,146.363,1,0,4.94066e-324
537,34.1138,1,0,4.94066e-324
538,16.6303,1,0,4.94066e-324
539,14.5725,1,0,4.94066e-324
540,21.3684,1,0,4.94066e-324
541,41.0856,1,0,4.94066e-324
542,43.1788,1,0,4.94066e-324
543,99.8281,1,0,4.94066e-324
544,7.83912,1,0,4.94066e-324
545,15.2732,1,0,4.94066e-324
546,30.6917,1,0,4.94066e-324
547,56.8641,1,0,4.94066e-324
548,134.948,1,0,4.94066e-324
549,17.9362,1,0,4.94066e-324
550,32.7952,1,0,4.94066e-324
551,104.986,1,0,4.94066e-324
552,101.289,1,0,4.94066e-324
553,46.5925,1,0,4.94066e-324
554,46.0221,1,0,4.94066e-324
555,242.851,1,0,4.94066e-324
556,96.0062,1,0,4.94066e-324
557,255.381,1,0,4.94066e-324
558,212.489,1,0,4.94066e-324
559,37.8215,1,0,4.94066e-324
560,494.814,1,0,4.94066e-324
561,13.9763,1,0,4.94066e-324
562,11.3118,1,0,4.94066e-324
563,118.462,1,0,4.94066e-324
564,35.536,1,0,4.94066e-324
565,19.4384,1,0,4.94066e-324
566,29.221,1,0,4.94066e-324
567,172.961,1,0,4.94066e-324
568,39.8498,1,0,4.94066e-324
569,30.8147,1,0,4.94066e-324
570,86.8654,1,0,4.94066e-324
571,30.2038,1,0,4.94066e-324
572,27.4546,1,0,4.94066e-324
573,102.547,1,0,4.94066e-324
574,47.7871,1,0,4.94066e-324
575,46.7682,1,0,4.94066e-324
576,14.752,1,0,4.94066e-324
577,21.8351,1,0,4.94066e-324
578,10.5732,1,0,4.94066e-324
579,30.1242,1,0,4.94066e-324
580,29.4597,1,0,4.94066e-324
581,79.8691,1,0,4.94066e-324
582,46.476,1,0,4.94066e-324
583,61.146,1,0,4.94066e-324
584,84.0282,1,0,4.94066e-324
585,17.7206,1,0,4.94066e-324
586,97.4639,1,0,4.94066e-324
587,35.9151,1,0,4.94066e-324
588,67.3049,1,0,4.94066e-324
589,11.3947,1,0,4.94066e-324
590,63.4561,1,0,4.94066e-324
591,222.301,1,0,4.94066e-324
592,18.8301,1,0,4.94066e-324
593,64.5859,1,0,4.94066e-324
594,23.9868,1,0,4.94066e-324
595,52.3491,1,0,4.94066e-324
596,97.554,1,0,4.94066e-324
597,14.111,1,0,4.94066e-324
598,24.3588,1,0,4.94066e-324
599,37.7569,1,0,4.94066e-324
600,24.0482,1,0,4.94066e-324
601,183.495,1,0,4.94066e-324
602,44.219,1,0,4.94066e-324
603,218.094,1,0,4.94066e-324
604,56.8113,1,0,4.94066e-324
605,46.078,1,0,4.94066e-324
606,130.335,1,0,4.94066e-324
607,63.1497,1,0,4.94066e-324
608,15.5121,1,0,4.94066e-324
609,33.4962,1,0,4.94066e-324
610,32.1882,1,0,4.94066e-324
611,30.8131,1,0,4.94066e-324
612,35.1273,1,0,4.94066e-324
613,48.2397,1,0,4.94066e-324
614,118.406,1,0,4.94066e-324
615,229.677,1,0,4.94066e-324
616,534.94,1,0,4.94066e-324
617,14.4998,1,0,4.94066e-324
618,57.7964,1,0,4.94066e-324
619,138.482,1,0,4.94066e-324
620,40.4815,1,0,4.94066e-324
621,8.9402,1,0,4.94066e-324
622,68.3613,1,0,4.94066e-324
623,26.236,1,0,4.94066e-324
624,75.7898,1,0,4.94066e-324
625,16.4869,1,0,4.94066e-324
626,14.7133,1,0,4.94066e-324
627,23.3829,1,0,4.94066e-324
628,37.2576,1,0,4.94066e-324
629,59.7266,1,0,4.94066e-324
630,54.2802,1,0,4.94066e-324
631,27.886,1,0,4.94066e-324
632,41.6723,1,0,4.94066e-324
633,13.4034,1,0,4.94066e-324
634,12.3262,1,0,4.94066e-324
635,55.5715,1,0,4.94066e-324
636,27.4631,1,0,4.94066e-324
637,15.8112,1,0,4.94066e-324
638,34.939,1,0,4.94066e-324
639,27.1704,1,0,4.94066e-324
640,48.3628,1,0,4.94066e-324
641,18.6136,1,0,4.94066e-324
642,11.0269,1,0,4.94066e-324
643,110.811,1,0,4.94066e-324
644,24.8427,1,0,4.94066e-324
645,101.499,1,0,4.94066e-324
646,18.0144,1,0,4.94066e-324
647,27.5412,1,0,4.94066e-324
648,6.40471,1,0,4.94066e-324
649,16.5484,1,0,4.94066e-324
650,7.16615,1,0,4.94066e-324
651,37.9852,1,0,4.94066e-324
652,226.749,1,0,4.94066e-324
653,114.588,1,0,4.94066e-324
654,158.611,1,0,4.94066e-324
655,19.1528,1,0,4.94066e-324
656,8.97218,1,0,4.94066e-324
657,7.74332,1,0,4.94066e-324
658,216.534,1,0,4.94066e-324
659,75.4318,1,0,4.94066e-324
660,200.294,1,0,4.94066e-324
661,53.6121,1,0,4.94066e-324
662,61.4364,1,0,4.94066e-324
663,19.3572,1,0,4.94066e-324
664,34.1669,1,0,4.94066e-324
665,6.35813,1,0,4.94066e-324
666,10.7094,1,0,4.94066e-324
667,158.299,1,0,4.94066e-324
668,200.525,1,0,4.94066e-324
669,19.0497,1,0,4.94066e-324
670,17.6992,1,0,4.94066e-324
671,310.704,1,0,4.94066e-324
672,102.317,1,0,4.94066e-324
673,35.7979,1,0,4.94066e-324
674,188.423,1,0,4.94066e-324
675,27.1429,1,0,4.94066e-324
676,11.428,1,0,4.94066e-324
677,52.2466,1,0,4.94066e-324
678,107.745,1,0,4.94066e-324
679,87.3922,1,0,4.94066e-324
680,18.5513,1,0,4.94066e-324
681,137.107,1,0,4.94066e-324
682,688.951,1,0,4.94066e-324
683,323.037,1,0,4.94066e-324
684,215.103,1,0,4.94066e-324
685,35.819,1,0,4.94066e-324
686,8.30883,1,0,4.94066e-324
687,31.8907,1,0,4.94066e-324
688,45.571,1,0,4.94066e-324
689,32.1765,1,0,4.94066e-324
690,42.2585,1,0,4.94066e-324
691,6.0936,1,0,4.94066e-324
692,5.98073,1,0,4.94066e-324
693,11.4579,1,0,4.94066e-324
694,18.1746,1,0,4.94066e-324
695,15.1828,1,0,4.94066e-324
696,68.8965,1,0,4.94066e-324
697,77.7661,1,0,4.94066e-324
698,35.8261,1,0,4.94066e-324
699,40.5822,1,0,4.94066e-324
700,83.7237,1,0,4.94066e-324
701,99.6955,1,0,4.94066e-324
702,91.4656,1,0,4.94066e-324
703,28.9302,1,0,4.94066e-324
704,20.2112,1,0,4.94066e-324
705,15.866,1,0,4.94066e-324
706,163.595,1,0,4.94066e-324
707,16.3985,1,0,4.94066e-324
708,83.3978,1,0,4.94066e-324
709,82.8858,1,0,4.94066e-324
710,75.3464,1,0,4.94066e-324
711,67.2397,1,0,4.94066e-324
712,39.2104,1,0,4.94066e-324
713,22.1677,1,0,4.94066e-324
714,14.7993,1,0,4.94066e-324
715,255.386,1,0,4.94066e-324
716,38.9342,1,0,4.94066e-324
717,224.895,1,0,4.94066e-324
718,59.364,1,0,4.94066e-324
719,32.0578,1,0,4.94066e-324
720,41.4318,1,0,4.94066e-324
721,66.6961,1,0,4.94066e-324
722,78.9639,1,0,4.94066e-324
723,89.2696,1,0,4.94066e-324
724,19.4118,1,0,4.94066e-324
725,34.0716,1,0,4.94066e-324
726,16.2466,1,0,4.94066e-324
727,22.6597,1,0,4.94066e-324
728,55.0207,1,0,4.94066e-324
729,33.9212,1,0,4.94066e-324
730,26.8445,1,0,4.94066e-324
731,45.7449,1,0,4.94066e-324
732,14.8337,1,0,4.94066e-324
733,141.473,1,0,4.94066e-324
734,24.276,1,0,4.94066e-324
735,32.7946,1,0,4.94066e-324
736,100.931,1,0,4.94066e-324
737,7.23476,1,0,4.94066e-324
738,19.0972,1,0,4.94066e-324
739,28.5547,1,0,4.94066e-324
740,44.3635,1,0,4.94066e-324
741,16.4637,1,0,4.94066e-324
742,20.6744,1,0,4.94066e-324
743,20.9113,1,0,4.94066e-324
744,91.3882,1,0,4.94066e-324
745,58.6301,1,0,4.94066e-324
746,22.412,1,0,4.94066e-324
747,320.578,1,0,4.94066e-324
748,24.5255,1,0,4.94066e-324
749,49.4139,1,0,4.94066e-324
750,214.735,1,0,4.94066e-324
751,80.2203,1,0,4.94066e-324
752,39.3277,1,0,4.94066e-324
753,41.641,1,0,4.94066e-324
754,27.8741,1,0,4.94066e-324
755,116.977,1,0,4.94066e-324
756,57.2641,1,0,4.94066e-324
757,23.7834,1,0,4.94066e-324
758,67.1479,1,0,4.94066e-324
759,32.3483,1,0,4.94066e-324
760,11.9199,1,0,4.94066e-324
761,40.2576,1,0,4.94066e-324
762,44.6778,1,0,4.94066e-324
763,33.6706,1,0,4.94066e-324
764,38.5166,1,0,4.94066e-324
765,72.1246,1,0,4.94066e-324
766,31.506,1,0,4.94066e-324
767,23.6253,1,0,4.94066e-324
768,48.5416,1,0,4.94066e-324
769,41.4412,1,0,4.94066e-324
770,84.5205,1,0,4.94066e-324
771,257.415,1,0,4.94066e-324
772,43.5331,1,0,4.94066e-324
773,50.2672,1,0,4.94066e-324
774,113.985,1,0,4.94066e-324
775,42.1952,1,0,4.94066e-324
776,31.0841,1,0,4.94066e-324
777,46.9434,1,0,4.94066e-324
778,20.8283,1,0,4.94066e-324
779,44.1704,1,0,4.94066e-324
780,65.1321,1,0,4.94066e-324
781,18.6104,1,0,4.94066e-324
782,16.616,1,0,4.94066e-324
783,38.9577,1,0,4.94066e-324
784,87.943,1,0,4.94066e-324
785,32.0077,1,0,4.94066e-324
786,27.5623,1,0,4.94066e-324
787,74.4072,1,0,4.94066e-324
788,84.2625,1,0,4.94066e-324
789,20.1038,1,0,4.94066e-324
790,185.369,1,0,4.94066e-324
791,47.864,1,0,4.94066e-324
792,98.2366,1,0,4.94066e-324
793,11.6407,1,0,4.94066e-324
794,21.9692,1,0,4.94066e-324
795,37.6457,1,0,4.94066e-324
796,11.2993,1,0,4.94066e-324
797,50.6323,1,0,4.94066e-324
798,6.37306,1,0,4.94066e-324
799,36.7075,1,0,4.94066e-324
800,20.985,1,0,4.94066e-324
801,22.141,1,0,4.94066e-324
802,48.3093,1,0,4.94066e-324
803,5.07865,1,0,4.94066e-324
804,1.27841,1,0,4.94066e-324
805,1.29159,1,0,4.94066e-324
806,57.6682,1,0,4.94066e-324
807,20.3378,1,0,4.94066e-324
808,40.1454,1,0,4.94066e-324
809,75.1512,1,0,4.94066e-324
810,31.4829,1,0,4.94066e-324
811,111.626,1,0,4.94066e-324
812,167.8,1,0,4.94066e-324
813,69.9662,1,0,4.94066e-324
